"","MclustDR_Dir1","MclustDR_Dir2","MclustDR_Dir3","MclustDR_Dir4","MclustDR_Dir5","MclustDR_Dir6","MclustDR_Dir7","MclustDR_Dir8","MclustDR_Dir9","BestModel_Classification","BestModel_ProbAssign1","BestModel_ProbAssign2","BestModel_ProbAssign3","BestModel_ProbAssign4","BestModel_ProbAssign5","BestModel_ProbAssign6","BestModel_ProbAssign7","BestModel_ProbAssign8","SpecimenID","Elevation","Latitude","Longitude"
"1",0.522266617965641,0.18464883575434,0.0524166686095527,0.252355729740203,-0.134218811351579,0.14679245771318,-0.130119603872212,-0.13270730800618,0.0793994786281482,1,0.999522081654514,2.38229679108394e-15,6.44669428872917e-23,0.00047779497196584,1.85504678244235e-22,5.90841788240849e-56,4.63207148862523e-19,1.23373517917759e-07,"AB10830",2100,-22.47138889,-43.04916667
"2",-0.221890516229914,0.353259981069131,0.0706890644824325,-0.206651761292581,-0.346626974530072,-0.128525079723175,0.16159598324114,-0.140820605196169,0.0640755607381149,2,1.0428531875199e-07,0.999999337210111,7.44224159228207e-14,5.548188415614e-07,3.99553404748531e-34,1.2456066075893e-23,2.12451832863759e-24,3.68565436517951e-09,"AB11510",1900,-22.45,-43.05444444
"3",-1.13354933688051,-0.253267370481348,0.207091142844446,0.0186485007610794,-0.0913139224257385,0.511995307211647,-0.0151910565148376,-0.101074344708952,0.242027568125671,3,8.97740914703904e-28,8.65789612225329e-24,1,1.27955673069425e-21,3.55461056012154e-55,7.60303570976717e-26,1.00359344032772e-60,6.85627413303788e-18,"AB5112",40,-32.24611111,-60.60805556
"4",0.0211367887512758,0.029395688280918,0.170703427800777,0.322970384898884,0.139785652736788,-0.00477630569726425,-0.0547038851655577,0.0479127358431203,-0.0749381228435254,4,0.00157020124623635,1.01593975220362e-07,3.00154063011714e-12,0.998425248519576,4.41431625934631e-17,2.20254524897851e-20,3.64452678858246e-14,4.44863717477267e-06,"AC1193",2552,-19.56666667,-64.31722222
"5",-0.217717906389551,0.255703884226727,-0.139463433038165,-0.0912447664244263,-0.433145857770458,-0.125198849570846,-0.206853441693296,0.132922672621513,0.0173241066093152,2,4.48746883276101e-07,0.999995268724524,2.64369800724109e-11,3.36744353304104e-07,2.10162047503584e-30,1.00016685827673e-26,4.73258495357972e-21,3.9457578019055e-06,"AG6890",1200,-22.25833333,-42.54861111
"6",0.43969486158029,0.181383855597723,-0.0158839269704148,0.0102663592061965,0.535512140875977,0.0274340684387671,0.0644745381727701,0.225732060378432,0.0397907951404734,1,0.54330011565523,1.69945080875981e-12,6.45407233316313e-22,0.456658676440724,8.43778260779489e-23,2.78548115182226e-47,1.1143916184238e-07,4.10964631849588e-05,"AH22218",2800,-28.22916667,-65.95277778
"7",-0.272089260300664,0.296878730814732,-0.00909433534863159,-0.331914618662715,-0.0525340127745524,-0.0289852545449975,0.0425893954877225,-0.214834603879462,-0.0866339296679913,2,1.66109815147149e-08,0.99999974405774,5.94714117511553e-12,2.30397352374859e-07,6.6820157732034e-34,1.75428541284539e-16,3.53093696449718e-18,8.92797855363359e-09,"AK22941",100,-31.5,-52.38333333
"8",-0.366362430249676,0.331116095607458,-0.144619421521587,-0.213066127320687,0.042064421580705,0.0844871273876582,0.23575875477944,-0.0505341201985671,0.00442506818119276,2,2.33857625195403e-09,0.999999170254015,8.99243740160871e-11,9.0526326935871e-08,2.57795027686928e-38,1.90368526613734e-16,3.41120459830311e-22,7.36791157230748e-07,"AK23025",800,-28.675,-50.97277778
"9",-0.299366272485032,0.294873891613078,-0.0144905843478545,-0.00440684736405993,0.0551099431439679,0.0246377080535304,0.0452504238254441,0.0547922966426505,0.0369712391338143,2,1.41692247838126e-07,0.999970854728038,1.450300130053e-10,2.86982328379052e-05,2.97300404823853e-33,2.62177292476061e-14,2.67052260990643e-19,3.05201820064581e-07,"AK35523",940,-25.33,-49.06027778
"10",-1.04918281097816,-0.225033240389038,0.0965695351418513,0.0470794838213024,-0.175570468757801,-0.0924113617788992,-0.0779975551534368,0.0478075281799102,-0.0112034437818568,3,3.1050945218545e-23,4.67190108738531e-11,0.999766778091952,4.36916206033494e-15,2.85668395753433e-38,0.000233221860611009,7.39122478792285e-42,7.14090763925816e-13,"AK42001",990,-27.85777778,-50.80361111
"11",0.432514842709284,-0.503545640711907,0.0812258090017734,-0.0248051509270115,-0.445115897172012,-0.20115625959688,0.034495846427849,-0.0878532278942455,-0.059544433321695,5,6.65716760253815e-09,6.45309571602291e-25,2.23982833511532e-22,4.48846920641937e-09,0.999999988447223,8.14337475645612e-56,4.86389965480386e-16,4.07139792797626e-10,"AK42087",1100,-28.05861111,-50.07444444
"12",-1.00223349152276,-0.484615835066818,0.0984690123333903,0.385129409144764,0.0813306424168336,0.107272636260363,0.0346392201185221,-0.0386666624507027,0.141316166733712,3,2.02543813138796e-25,9.99398950405045e-22,0.999999999951177,6.00280565507653e-16,5.52159875050954e-36,4.81223056041385e-11,1.15878075082229e-47,7.0062234528957e-13,"AL2215",1000,-27.85055556,-50.21722222
"13",-0.902581041464608,-0.29982928690858,0.291815188752555,-0.0175780038855937,0.236501015584905,-0.0466571245126259,-0.137530253733444,0.0218492379064428,0.0442887054559483,3,3.00406083491029e-20,1.02309192151024e-12,0.997029558495207,4.66485646684515e-11,6.60653416654227e-33,0.00297044145666709,3.42622713897391e-32,4.54601470170026e-13,"ARs.n.",900,-21.93333333,-46.41666667
"14",-0.270300176342698,-0.08002618564084,0.186837879782999,-0.016594567930251,0.23057827591147,-0.00606876450128457,-0.145832744854467,0.134668208420687,0.331060903757219,4,3.08780012700864e-05,0.000362276715489104,0.000128977506352873,0.999440772138579,2.95271916056461e-19,1.92124639020304e-14,5.7371791318648e-10,3.70950645714953e-05,"AS75",2000,-22.38333333,-44.7
"15",-0.399498548591295,0.269680714298259,-0.0783408372687666,-0.0456952696094745,-0.217431627467523,0.0124100010118453,0.0865758143009022,0.0636186126162281,0.0248392265777646,2,5.13852018010637e-10,0.99999991556427,3.90415643703699e-10,3.5690774733634e-08,1.79969608080741e-34,4.34161849560491e-15,3.07908123390751e-24,4.78406833807254e-08,"AVEsc2",980,-25.45,-49.01972222
"16",0.545301839352663,0.159004256036059,0.128434386268104,-0.126848704690612,-0.240635653253499,0.141224378985423,0.0311539342762582,-0.0269454277797895,-0.347216251587429,1,0.999912457407586,1.56970218181588e-14,5.88724987111496e-24,8.75316626158736e-05,2.75089510482757e-18,5.10514269280332e-56,3.75685475510991e-16,1.09297821955019e-08,"B19021",2000,-22.48388889,-45.08472222
"17",-0.0525380794654739,0.179382548631938,0.194098630550807,0.0971058129887431,0.112742085008907,-0.0318458162727732,0.0582493403390974,0.0347022657394249,0.014486681458892,4,0.00259749600368037,0.00638911234577384,4.34387810417107e-12,0.991012233772296,7.80615350081344e-22,3.1634443378493e-17,4.49078174078528e-13,1.1578734566449e-06,"BL734",1262,-23.23333333,-44.95
"18",0.567390081247937,0.26533101092891,-0.0265306390852663,0.130657645534463,-0.331673820725533,0.197001854549607,-0.0348088767498914,-0.0129464135074729,-0.213231218552638,1,0.99999368165184,2.58447242931727e-15,3.9222940980876e-25,6.18477053211668e-06,2.35409132608225e-24,2.46586179854823e-62,1.5162486739413e-22,1.33577625487695e-07,"BLs.n.",2750,-22.37972222,-44.66138889
"19",-0.396964724123708,0.164586030631864,-0.32113583143987,-0.175450388531819,-0.287288046556619,0.161703162440845,-0.102313382096838,0.110355546149133,-0.0206386766582096,2,1.01396073998253e-08,0.999502601163388,2.51086144049446e-06,8.1178414587128e-09,4.43688933467977e-32,7.18764425236651e-20,1.30998988776662e-20,0.000494869717722199,"BR3907",170,-30.88305556,-55.51666667
"20",-0.716525838643865,-0.0591452381274461,0.0913028084883354,0.142050566514119,0.488602641412067,0.0522735388205687,0.0966725371336979,-0.0604299435749662,-0.04320752033208,6,1.14031935210416e-16,2.06794065020359e-09,8.87018668365921e-05,9.01626669963911e-09,7.28141105157442e-36,0.999911286665105,3.15009529578637e-28,3.83851357671768e-10,"BR49366",880,-29.44972222,-50.58277778
"21",-1.08064075026344,-0.0958751410701162,-0.133676133279179,0.128124806699957,-0.196253578343981,0.0260921592403969,-0.0798818917059271,0.151308999066088,-0.126066490180872,3,3.16088998331871e-23,4.03274939930964e-10,0.999999910031124,1.59690481066466e-16,4.39278266120575e-45,8.94400119559977e-08,2.66243532271824e-46,1.25588760545024e-10,"BR49592",900,-27.85,-50.21666667
"22",0.246240721215427,-0.529048176246747,0.172972037297256,0.00391846063861613,-0.444177816261538,-0.0591661876752295,0.0335721293124052,0.0196190630799442,0.0319248419133315,5,1.36181764990594e-09,1.89425467410963e-22,6.23528142002431e-18,1.06684409507377e-08,0.9999999879019,1.04527825748255e-45,7.14678144119748e-16,6.78402600969049e-11,"BR49669",1000,-27.85,-50.21666667
"23",0.367172701938747,-0.175426784548535,-0.113285342406498,-0.359704495212634,0.35155911663057,0.043347436121948,0.0798186175561641,0.0621887495857436,-0.0375282885214292,7,5.25912132107513e-06,1.08182974306185e-15,1.11778713702516e-20,4.16662814411679e-06,8.62025435830449e-12,2.79636641129685e-42,0.999990335470811,2.38771102369441e-07,"CB984",200,-33.05,-71.51666667
"24",-0.545265649018337,0.256074586317481,-0.0521780730383191,-0.0290128698245861,-0.49696654036241,-0.0865473593434736,-0.0626566776813857,0.0461383984332377,0.140705669022899,2,4.91589811833858e-12,0.999999936888351,5.54282218782183e-08,4.53873856230845e-10,3.19052479743006e-38,7.38208536808016e-18,1.11351086641652e-31,7.22463714541114e-09,"CC507",1700,-22.45166667,-43.00111111
"25",0.453752545066662,0.0651512120740234,0.371668851202271,0.304784067119176,0.432019502439121,-0.0894068803201971,0.160130206587718,-0.13468365282165,0.0687870609854068,4,0.00939487495984807,3.09289373304829e-19,1.27103141441158e-23,0.99060512365918,7.0584045936324e-21,4.52923954160944e-48,7.5467634732094e-19,1.38097211189699e-09,"CD3771",2900,-17.58777778,-65.26666667
"26",-1.25295026831852,-0.0873684443606561,0.259935689218735,0.0793938257639934,0.215116603359046,0.174591095117728,-0.0447872065747281,-0.0301080893655363,-0.00363452338107592,3,1.02219966153052e-27,1.02260445841458e-16,0.999999768487528,2.24973278277747e-18,6.98736578658251e-57,2.31512471782554e-07,1.50311227737578e-55,1.46328565120286e-17,"CK42",800,-26.21388889,-51.09777778
"27",-0.247029181102019,0.343525712061644,0.0326825934754168,-0.213040614282399,0.0922674823839292,0.123846410128986,-0.0537938597372555,0.0105700996592119,-0.159288586677635,2,2.98746853681183e-06,0.999970991499804,1.27579782562699e-10,2.59212411062746e-05,8.31982015888752e-35,1.40212886396172e-17,1.45486919304646e-17,9.96629727905142e-08,"CO6589",250,-31.55,-56.1
"28",0.305323939293747,-0.0837330886145741,-0.0815058117029989,-0.563919482442454,0.211644920042348,0.0699782803326669,-0.0656737873193611,-0.0500624996133266,0.0125145574358647,7,5.42072447482198e-06,8.39166171050504e-13,1.68092886910773e-19,2.91081387661474e-07,5.56360307743857e-16,5.50801216061149e-42,0.999994276285058,1.19082397789323e-08,"CSs.n.",780,-34.25,-70.56666667
"29",0.656561441064946,0.0609135088517443,0.0356546964285887,0.184345122283924,0.272334225513883,-0.157819424909373,0.0510226699565914,-0.400642316713774,0.0385646592746439,1,0.907126353189762,1.18589237663136e-18,8.5075001723774e-26,0.0928649741063055,6.1417677666509e-18,2.56261783198463e-56,1.05090770197558e-13,8.67270382776897e-06,"DS152",2750,-17.84055556,-64.73944444
"30",0.552025965396137,0.285636522680193,0.146164739844147,0.341774608705644,-0.213727365784618,0.0937323140858327,-0.105390664240818,0.109406721979444,-0.0599302207031384,1,0.999611610663876,1.76099568299408e-16,1.67180680086909e-25,0.000388382899973863,5.90483098978978e-26,1.18615703412534e-62,3.16409751827186e-25,6.43614975287045e-09,"EB383",866,-25.3,-48.88333333
"31",0.260131073853921,0.212326027362098,0.0291583915737294,0.191367873794486,-0.0370586755777609,0.113299782713953,0.0543034615796095,-0.122336153592652,-0.0785820023405891,1,0.92391214384721,1.75071512749427e-07,3.56719609794745e-17,0.0760629238590208,7.12071493812215e-21,9.92988572614162e-34,5.17445718381434e-15,2.47572222515955e-05,"EF16",2300,-22.3975,-44.64611111
"32",0.547979439304674,0.105243800900531,0.10028562486692,0.0743922832679804,0.0529559449986058,0.063575995759599,0.0104558650040083,-0.441861496108372,-0.0964970199503326,1,0.995006965943772,1.57656371240325e-15,5.26752490538757e-23,0.00499285574932781,2.83944972206155e-18,4.63849023017466e-49,3.71383114251578e-14,1.78306861273029e-07,"EF3538",2900,-17.80305556,-64.77
"33",0.444269308181997,0.162203869011026,0.155371578616684,0.0780486433267202,0.0923702774368948,-0.0380755697801015,0.0175816845660159,-0.0165901937594582,-0.188664381264765,1,0.868541924943244,1.00783620424763e-11,5.15146756193244e-22,0.131457882348682,7.25268421481162e-18,4.01740980688322e-43,3.95948869388959e-12,1.92694035444801e-07,"EJ75",2000,-22.35666667,-42.58055556
"34",0.192815040355065,-0.31134325060311,-0.101801599028754,-0.300745705291462,0.33680328002869,-0.0912477209091959,0.0296399355170255,0.0251387977916776,0.0464197536746511,7,9.35033653983966e-08,1.06039485011828e-14,1.44387638138793e-16,1.08825476649491e-05,8.82742911471908e-09,1.8483377827386e-33,0.99998740187005,1.61325147985249e-06,"EK5378",40,-31.41666667,-71.58333333
"35",0.213445280042144,-0.167252597552627,-0.0890415856708123,-0.541386886109967,0.299074206064705,-0.0824457235884275,0.0620634582979537,-0.00625330046877467,-0.0099668704928203,7,7.23169400987787e-08,6.7396729869472e-13,8.41237728008548e-19,4.79063319744572e-07,6.21354756973384e-14,1.73058884176255e-36,0.999999413143778,3.54752263579013e-08,"EK5390",180,-33.35,-71.58333333
"36",0.499258949402869,-0.0219988526268035,-0.214066796954199,-0.57845336430216,0.593472023935723,0.0801220682710227,0.0143934701356042,0.0167994983363413,0.0334072636872866,7,2.45593366051898e-05,1.11849663785906e-17,2.73488242838362e-24,3.8254794610651e-07,1.7548964713008e-21,1.43136719145232e-56,0.999974693563572,3.64551876800952e-07,"EK838",700,-34.99916667,-70.82
"37",-0.255125169466978,0.322953590219525,-0.0219021770227523,-0.0982012913865748,-0.228660710613758,-0.0755843569592515,-0.0181831052770648,0.146440755545928,0.093864085055109,2,4.47343076006222e-08,0.999999396110483,1.16653982791569e-12,5.36699043549509e-07,9.36808982437196e-34,1.37519491295847e-22,1.85686093715121e-21,2.24549991620715e-08,"EP7047",2300,-22.38361111,-44.65083333
"38",-0.377763544440499,0.120693547879945,-0.121008381832357,-0.161669194344557,0.0408022469017153,-0.0390567827216707,0.0119527424603703,0.00456918714663676,0.0699298809399763,2,1.70973880281027e-09,0.999996230713589,2.94170257628318e-08,1.54902408834578e-06,2.75932738448094e-28,5.02483543638102e-10,1.48123382049699e-14,2.18863305968052e-06,"EP8355",850,-26.17277778,-49.85
"39",0.912866439033591,0.0763226718654151,0.103397645750127,-0.224239554200684,-0.487860154760078,0.134866221671319,-0.0974354881744356,0.232468908021305,-0.0756750469827984,1,0.999999963449213,1.08332463954956e-24,4.25203825150314e-32,3.64656452305532e-08,5.92771785942528e-18,3.62191849541336e-92,7.29669046147976e-20,8.51412418950502e-11,"EU1886",1020,-26.5,-50.5
"40",0.116616643549993,-0.140100653403803,-0.35417976816161,0.0977943152232002,0.28460431980833,-0.071791194191696,0.0931586965977638,0.0988074118586832,0.0775076832251644,8,3.71068153808694e-05,9.48817168147073e-10,8.96953745253618e-14,0.00264132403341549,1.49399576533143e-13,4.38217367609234e-29,4.98995463870159e-06,0.997316578247509,"EW183",1600,-29.84527778,-70.38555556
"41",0.250726454155383,-0.131710893115318,-0.0761274955270339,-0.471016598546198,0.335388069828746,0.001727700817436,-0.102480964885207,0.0977071750887653,-0.00304239577353996,7,2.90647093616511e-07,9.85765430767238e-14,4.16401223188954e-19,4.5309217359496e-07,1.32990365331371e-15,1.26340357488845e-39,0.999999246375674,9.88495888431345e-09,"EW579",1500,-35.19666667,-70.80305556
"42",0.5161101343473,0.186041542978776,0.138110353140544,-0.0792783490847311,-0.0247489839270434,0.03733095423281,0.0558317581211851,0.153188379016481,0.0926957576677375,1,0.994959260269227,2.73811692471869e-12,5.9684632440845e-24,0.00504072421085921,3.71291457689959e-19,2.66915388362916e-53,4.75220043721524e-11,1.54696535140443e-08,"FB6142",1600,-21.4,-64.26666667
"43",-0.431323299470232,0.0985199069933132,0.0946531014215928,-0.314569600590992,-0.0321778198116341,-0.0187988626361263,-0.0945808267027728,0.285143613971525,0.0406837814555577,2,3.57698507393991e-09,0.999992847807088,1.34164393186749e-06,5.77808328569443e-06,8.62399625707846e-28,3.20900233136267e-13,6.53590385567023e-15,2.88883815878359e-08,"FM2376",250,-26.16666667,-55.33333333
"44",0.576755732758308,0.315184190484206,0.00629939553831486,-0.0496242815414727,-0.0797852423909591,0.00833043066710952,0.0859455993369168,0.0996885981602291,0.141995253667377,1,0.999733954873463,1.40060348008721e-12,1.03537043568162e-26,0.000265972297432666,2.30606377214029e-25,3.24432752708752e-61,2.21419918446912e-15,7.28277016814698e-08,"FV6838",1250,-27.13305556,-65.5
"45",0.598140811059602,0.104409305410109,0.131965586519428,0.0938187216505965,-0.0227598202243404,0.0939212630262867,-0.249492953490628,-0.366254975280349,-0.150423297901703,1,0.999583387255145,2.49523095021983e-18,1.20134727855267e-23,0.00041659645586748,2.2680652642949e-20,6.06739640593566e-58,5.22934894638424e-17,1.62889879039245e-08,"FZ304",2843,-17.82852778,-64.7185
"46",0.390723321307299,0.0382290272969425,0.267663564268251,-0.251611323984876,-0.0959989945731403,0.0144948828526679,-0.0400428232227544,-0.426199053281152,-0.0836188572066465,1,0.974779260019372,7.20848155303887e-11,1.78624995282292e-18,0.0252207207261358,4.85049173325924e-14,6.58781297212831e-40,5.07394006110037e-09,1.41084186412739e-08,"FZ307",2928,-17.83686111,-64.72677778
"47",0.0210887101879704,-0.167808847224568,-0.75340909827295,0.300704758748653,-0.213645012642063,0.0213251849225131,-0.0183127922056895,0.0523957152114456,-0.0337257508253765,8,3.72777911179362e-11,2.0694021925429e-16,1.53873200725677e-15,4.05691720097385e-12,2.77579084314816e-23,3.76980862872705e-45,1.55436754024842e-24,0.999999999958664,"FZ322",2594,-16.55633333,-71.44552778
"48",0.0315063140257521,-0.0882680053510688,-0.598043646760084,0.113025440834963,-0.115248826688363,-0.100495503216832,0.14916584263433,0.0447073586456381,-0.0868148348819491,8,9.53946503712996e-09,8.02413861486239e-11,2.03559801719389e-15,1.17337267585128e-08,1.07524277942407e-19,1.63014788946934e-35,4.09707775976814e-17,0.999999978646565,"FZ323",2579,-16.55994444,-71.44852778
"49",-0.0748326982667662,-0.205071008405584,-0.598728276532765,0.0694000333770793,-0.0620384403182881,-0.0507329465683708,0.113992831052886,-0.0515469771911549,-0.110795106099312,8,3.79897042928528e-10,2.33209705630918e-11,2.10482197451425e-12,3.1454862484534e-09,9.85197447532395e-18,2.54055855023399e-29,6.39854137212763e-16,0.99999999644919,"FZ324",2585,-16.55994444,-71.44852778
"50",-0.0783548092974825,0.103448500310649,-0.644866416421087,0.303896675588931,-0.0692044303277627,0.0840626672519567,0.00335963906369439,0.0530528509803511,-0.0853616120394517,8,8.72447518619592e-09,9.3307940545813e-10,7.89975122142643e-14,1.95653235529753e-09,5.66637667004554e-31,2.43057809120884e-35,1.02773905870449e-24,0.999999988385834,"FZ325",2582,-16.5615,-71.44619444
"51",-0.0711543558117834,-0.0159254753986441,-0.903889328543794,0.219498238597267,-0.132296482069824,0.0994701705687501,-0.103463626677833,-0.0424688906021954,-0.125515727315946,8,5.77558418752416e-13,1.75780998339361e-16,1.13016425062636e-15,6.04023010960658e-15,3.35874054436425e-35,1.16752375975758e-48,1.83601850278529e-30,0.999999999999415,"FZ326",2590,-16.5615,-71.44619444
"52",-0.0471035796739886,-0.0641469099078154,-0.600642636583101,0.306621118796974,-0.113465004133511,-0.0308604331681993,0.136259426147272,-0.0780767130384043,-0.00506449371721193,8,2.26991697476969e-09,3.22825597550359e-11,6.21390137737585e-14,6.76439505690632e-09,3.90634532807828e-23,1.736648384502e-32,5.08022998299889e-22,0.999999990933343,"FZ327",2684,-16.5625,-71.44430556
"53",0.183464009848774,-0.207688255559153,-0.136463974736302,-0.485018562026844,0.309875052961329,0.0679812125725388,-0.014705319137747,-0.080020406769632,-0.032244035949743,7,4.47769639975296e-08,1.22294749995097e-13,4.46370966678713e-17,9.85911049176946e-08,9.62974947907675e-14,4.38582901657355e-34,0.999999798808195,5.78235179012064e-08,"FZ539",920,-33.72941667,-70.47116667
"54",0.194998237235635,-0.187492702851884,-0.105441846667424,-0.515029566095293,0.534145274041602,0.0436061661190301,-0.0982109741141023,-0.0986349711600536,0.0284593996673523,7,1.16727819121368e-08,1.4947587409527e-15,6.45580056226324e-18,9.77003259878877e-08,9.89525743426148e-18,2.93214252437832e-37,0.999999879937357,1.0689533987699e-08,"FZ540",920,-33.72961111,-70.47097222
"55",0.342914677223479,-0.0230434615922991,-0.234469400254076,-0.314437346900533,0.384510827575053,0.00824186576700903,-0.0804057880388434,-0.344603854743195,0.0349532126543845,7,0.00776839864000615,7.75944636989368e-11,1.62809510624936e-17,0.00084821066117033,3.65236112304157e-17,3.67380957696529e-38,0.989753829830962,0.00162956079026753,"FZ541",920,-33.72888889,-70.47138889
"56",0.0122273059228043,0.141416729405799,0.496426019306723,0.12603967819966,0.043306281447987,0.0179436541337914,0.301821089785634,0.269839806698459,0.0703280048439296,4,0.000846286570251897,4.02256297120483e-09,6.3971926039864e-15,0.999153708697997,8.65952435156654e-23,6.49223914079867e-31,3.71870028897805e-22,7.09181945242387e-10,"FZU10117A",1900,-25.73083333,-65.47888889
"57",0.0202316408042504,-0.207352935140172,0.457530103438309,0.133875257838993,0.000849770721118481,-0.173851821137022,-0.122703847770173,-0.149146267404047,-0.0827300061096709,4,8.77382310827335e-05,1.11550576010411e-11,3.02903611650357e-11,0.999912253140114,1.66236736032732e-09,2.34937277907132e-22,3.67112151692628e-14,6.92495414036698e-09,"FZU10330",2810,-23.61333333,-64.91111111
"58",0.486897055059655,0.173298482550481,-0.0955089798935183,-0.0378761370782531,0.0315065138413338,-0.0243952785700153,0.0455579456032273,-0.0107477832879735,0.0398003587772253,1,0.994348965976488,3.85782697401106e-10,1.24488474124705e-22,0.00562630497868582,2.5454629010743e-18,2.38442556183456e-47,3.09411498593108e-08,2.46977178932505e-05,"FZU10377C",1690,-22.33333333,-64.72305556
"59",0.249757598503578,-0.0413044311338312,0.43416303403839,-0.12708425887443,0.327122685869994,0.0524861217175405,-0.0693973092444198,-0.00542448123610237,-0.12284567868715,4,0.0165682751048307,7.11012119888491e-13,2.49757151865344e-16,0.983431626050374,2.5380253215399e-14,4.00982280455062e-33,9.82690302446397e-08,5.75028681542432e-10,"FZU10426A",3033,-21.46055556,-64.86666667
"60",0.341375461102764,0.0650330475238414,0.0264495949163454,0.224216029134526,0.502426698138595,-0.11360760909693,-0.102622879990992,-0.171669266469014,-0.0960286195395802,4,0.0265767795191228,3.45909291422647e-13,3.9362647848092e-19,0.973376026951945,1.31324375371368e-19,3.44326828467909e-36,3.9086319481666e-10,4.71931377232678e-05,"FZU10426D",3033,-21.46055556,-64.86805556
"61",0.257178759720629,0.0117211084555452,-0.0149373569935506,0.210919253914527,0.418362139560523,-0.0701024849187716,-0.0277980641146522,-0.0561533155665566,-0.0651995991606611,4,0.0124674585631149,6.20279568399968e-11,6.75936443675493e-17,0.987277789964817,3.34056645840657e-16,4.44053363710403e-30,6.88728719938025e-08,0.000254682537168085,"FZU10434A",3398,-21.46694444,-64.88805556
"62",0.349976964950476,0.290438770683613,0.149908509781904,-0.446939103033871,-0.295890312394363,0.0231149071033019,-0.0706911296339302,0.0662718151968253,-0.0327289441583774,1,0.999731418817744,2.9289776621673e-06,2.29923424824127e-20,0.000265644424381567,3.4475830402202e-23,4.68680976642877e-49,3.21664989679602e-11,7.74804575336535e-09,"GB1080",1750,-23.69777778,-64.9
"63",0.341105874937838,-0.545955593139562,0.0308378114569923,-0.00530074824351898,-0.384601654838442,0.000828001396692951,0.0255402570384937,-0.0195429761086718,-0.0673026192848932,5,1.11683595635662e-09,1.01860412188079e-24,8.42929988905841e-20,7.11456389858093e-10,0.999999997680826,1.49727218944478e-50,5.75533412008432e-15,4.90875797042055e-10,"GH10795",850,-25.53638889,-49.89472222
"64",0.301491514347562,-0.550793390217136,0.0703152364225753,0.0329352111218364,-0.346789967202226,-0.0194379775404567,-0.033371052332495,0.141530379800351,0.0121691517454973,5,1.83133907096193e-09,4.62383213066685e-24,1.21408641585758e-18,5.50498949864304e-09,0.99999999193762,5.27313613409085e-50,2.29138139187154e-14,7.26028734120846e-10,"GH11940",860,-24.31666667,-49.66666667
"65",-1.16571921321367,-0.0372604798315061,0.0781887879968971,-0.0825056934220779,0.308623458051464,-0.000663718100415239,-0.184084649519771,0.0413688640969828,-0.0262897287427729,3,5.25763973727772e-25,1.21875739088781e-11,0.999985568765167,3.48102507958469e-16,1.31035191117664e-53,1.44312225919637e-05,1.09165785800692e-44,5.30696791927237e-14,"GH15362",800,-25.60805556,-50.69138889
"66",0.32488552327808,-0.606676454947014,-0.0329325271420184,-0.0794735978086857,-0.498342898874613,-0.0719387827830764,0.01787047475022,0.102037496195491,0.0859280878380344,5,3.99014442644329e-11,6.17685647378417e-26,3.67632380991992e-20,1.96184153155908e-11,0.999999999400606,6.88475209150879e-57,4.84020925306163e-16,5.39873415932792e-10,"GH17979",1030,-25.13333333,-49.96666667
"67",0.667394047344914,-0.720225179927404,-0.0367091160122458,-0.116156195707925,-0.47248299833866,0.0374327988682346,0.0130548535407478,-0.070124828208502,0.0431477332408078,5,2.21938948027944e-11,6.37326843862123e-38,3.09700938727884e-27,3.03541560671923e-14,0.999999999969168,4.49991635720102e-83,9.10487506825778e-21,8.60764827117361e-12,"GH18054",950,-25.07444444,-49.39916667
"68",-0.41249042569573,0.345515880390427,-0.105150728952302,-0.095477559240632,0.0237844570523897,-0.0298520136204788,0.0390319535990785,-0.013560699868854,-0.0386940472486012,2,1.61237982593728e-10,0.999999923622289,6.31411748547556e-11,3.60791691715443e-08,1.47620197203011e-39,3.1368105877067e-14,8.10564935422157e-24,4.00741309563459e-08,"GH18306",780,-25.26694444,-51.1
"69",-0.204023156553633,0.439619011008818,-0.0388671746007963,0.0618271015582209,-0.133941245750995,-0.0973047970162048,0.0257213493535083,0.0697582382507128,0.0282920047795003,2,1.11421248086999e-06,0.999986648003845,5.75774718189172e-14,1.18811745420017e-05,8.91706574804039e-38,2.76628151164222e-24,4.71006891100092e-25,3.56609074439451e-07,"GH18331",1150,-25.29277778,-51.35
"70",-0.218360419692978,0.343249010425961,-0.123651650997007,-0.203529884409897,0.0608309183470716,-0.0738186187859513,-0.00144511585308191,-0.0855965379447017,0.00486524377708111,2,6.75372664264694e-08,0.99999854004362,3.44058263972162e-13,1.05815241958825e-06,1.72630036619983e-35,1.29444749847824e-19,3.09505728937936e-17,3.34266349693856e-07,"GH18425",916,-25.30527778,-49.04611111
"71",0.25116593440777,-0.578044868016029,0.108950554327215,0.0295288678371929,-0.309539021831869,-0.117702660965477,0.0907254146597848,0.256436487565482,0.0288537814586203,5,1.93538601441589e-10,1.74328068836292e-24,1.06652394749419e-18,1.10441738019905e-08,0.999999987986614,5.33576852838166e-50,4.53036305054952e-16,7.75673492561897e-10,"GH18440",830,-25.99666667,-49.65083333
"72",0.44286761855406,-0.670929661829587,-0.0420649026702417,-0.0825130412982232,-0.269747379190403,-0.0666934137521882,-0.198282592294573,-0.0921496556796802,-0.0629313840461258,5,1.52619007171468e-10,2.38049259948681e-30,4.89827884114493e-21,3.61387178139053e-11,0.999999998511155,2.38174212158114e-62,1.51230428776164e-14,1.30007216509755e-09,"GH25426",1060,-24.40972222,-49.85888889
"73",-0.408055359128073,0.13360793112068,0.00110097111275037,-0.125595564173386,-0.00637201466760809,0.0125794537046926,-0.142326856960303,0.124669059951567,0.0265886028369177,2,8.5731691175634e-09,0.999992055378892,8.75644361153311e-07,6.78243289244201e-06,6.87168845527771e-29,8.78486705670693e-11,4.17850293363837e-16,2.77882836610059e-07,"GH26215",884,-25.53333333,-49.38333333
"74",-0.644165900739609,0.333888217477221,-0.134949894038289,-0.0950971014368693,-0.282899193213434,-0.121820445322254,-0.0767817366105631,0.0732737128976185,0.131243747766906,2,4.66661234192006e-14,0.999999948203172,4.48392403656895e-08,2.41670432046534e-11,4.25050350978257e-46,7.6289629200168e-18,7.478989972346e-34,6.93337404755925e-09,"GH31430",1900,-20.44805556,-41.77388889
"75",-0.219265367395837,-0.024786692359065,0.0115752637642763,0.1701293795456,0.0994905190062075,-0.0930452115337281,-0.117715341662495,0.0141525792429223,0.00354928678054522,4,0.000129334221383568,0.0528298563179058,3.75574162287463e-06,0.943471807449171,1.48519588756048e-16,2.00582036522813e-08,2.6377963774513e-10,0.00356522594793345,"GH35823",2000,-22.38333333,-44.63333333
"76",0.36198740440742,-0.136356341592908,-0.0917369421257704,-0.527864888743837,0.466506047433552,0.0602152369807272,-0.0177857678462514,0.176917682289905,0.0686792711124764,7,3.74439660283838e-07,4.01970601289994e-17,8.94933117962018e-22,1.71651153453619e-07,4.58638041814888e-17,3.90851575929854e-49,0.999999448150986,5.75820056952712e-09,"GH405A",1100,-32.86666667,-70.41666667
"77",0.278487834009496,-0.132244212893362,0.0331829235087569,-0.308516087364254,0.183422828528363,0.00386225722527332,-0.0648621315551698,0.134934221442983,0.0136346480490669,7,0.000185401981522328,1.23195215389764e-11,1.61033667996168e-17,0.000357588406856804,1.18071255928625e-10,1.87763177562941e-36,0.999456876786614,1.32694616548648e-07,"GH405B",1100,-32.86666667,-70.41666667
"78",0.849428953249988,-0.0272950140456044,0.104556266578874,-0.198341106050255,-0.59734245920938,0.0529874785558765,-0.00450197547598824,0.440772559862341,0.035919924730513,1,0.999999598666147,7.9887433161877e-24,6.24149314790787e-30,3.98107376185483e-07,3.1777043060934e-13,2.83777362492794e-91,2.05381952290767e-19,3.22615936743517e-09,"GH61252",800,-29.15,-50.11666667
"79",0.318366680735565,0.126660466756326,0.0841087551529136,0.370727421405782,0.23611601232374,0.211341498465735,-0.178491080779613,-0.00380025911821752,0.0341663738580236,1,0.782380227276441,7.38549095014977e-14,5.34126005461306e-17,0.217605182728958,3.6057039571081e-23,3.08718484676133e-43,3.55796188115973e-17,1.45899945273493e-05,"GH71660",1700,-28.1275,-49.5
"80",0.43643669569225,-0.0558432116708816,-0.280600259202342,0.713781417058256,0.167672080218889,0.0156601048399914,0.0196037506689906,0.0876049237349858,-0.314132322746437,8,0.00442832498686767,6.46541219842219e-22,1.0690848506235e-20,0.00198160736504527,1.87337323846211e-19,3.79991338595828e-56,2.50918616039405e-26,0.993590067648087,"GH72506",1150,-28.05666667,-49.5925
"81",0.323373083367044,-0.118532792603959,0.0185411590132219,-0.43278215990509,0.233619006772663,0.0100731295110314,-0.19145723337943,0.0784721655855326,0.0145568357902595,7,6.64510703837541e-05,1.83410194979988e-13,1.04855649806359e-18,2.08810167484901e-05,1.10597432304139e-13,8.77318857481219e-43,0.999912647844406,2.00681671827844e-08,"GL5551",900,-33.18333333,-70.6
"82",-0.851165275329028,-0.135886954960232,-0.00429029977172623,0.0790046696596133,0.243372093947979,-0.0641002373379737,0.067040529689687,0.0862119834713061,-0.105457746336789,6,1.79784084567844e-19,5.33449934142986e-09,0.00203926720080667,2.71332517544804e-11,3.12664372964646e-35,0.997960726908568,2.22845864456685e-31,5.2899263666316e-10,"GS2702",149,-31.66222222,-56.0125
"83",-0.64028914887845,-0.0776124663996543,0.165791203199583,-0.0869341161745777,0.105199815190721,-0.0539727544264305,0.0630878058252349,-0.167855851797879,-0.118450818645516,6,2.83321583296122e-15,2.06751897602604e-06,1.74146168122037e-05,6.61802052096199e-09,4.31127442657745e-29,0.999980511207231,2.92770628444608e-24,3.89569858847038e-11,"H1015",50,-32.68277778,-58.13333333
"84",-0.0158066059195035,-0.166886670714648,0.27925514499352,0.252869016577863,0.558259059094469,-0.0856846914307968,-0.0165364030159345,0.0437558829632799,-0.0229500258310674,4,1.98398324147154e-06,2.00090571621228e-13,2.98748892816705e-12,0.999997857676939,1.48397353907655e-15,4.20891936723405e-20,4.9641057188614e-12,1.58331666432597e-07,"HF5850",2800,-23.45138889,-65.465
"85",-0.797671081959682,-0.235133618168061,0.0503428052412142,0.497104221025383,-0.382457325560317,0.334551122150669,0.0790521086642746,-0.0605576974041779,0.411890054948604,3,6.14437390702617e-18,5.23682301612767e-17,0.999999997038202,4.2394036914507e-13,3.39622120282794e-38,2.95814844432661e-24,3.62566041633363e-51,2.96137382630347e-09,"HF72",67,-34.35333333,-57.68388889
"86",-0.402742536794226,0.221066445918274,0.0108782618671438,-0.0584582742540483,-0.530372580423805,-0.0642259589206513,0.0945820212900625,-0.128768172629591,0.152429532635938,2,1.02741319197413e-09,0.999999954211898,2.66414203363651e-09,2.52875007497131e-08,3.77846861169554e-32,1.32719341989922e-17,7.98926097240763e-28,1.68090463487747e-08,"HL550",2000,-22.38333333,-44.6
"87",-0.0451127806966808,-0.110188019349887,0.413502417400647,0.341805925603658,0.0119098013847631,0.123579400140327,0.0385774682587464,-0.117265690380024,0.0906283230921164,4,0.000386910028560151,4.63130163300848e-11,1.36343662944863e-09,0.999613054719371,8.65163621559471e-15,7.24469092452535e-21,2.57969538761688e-19,3.38423100808118e-08,"HS3739",3300,-22.26527778,-65.06777778
"88",0.140957258184697,-0.0937559017506451,0.122197273424421,-0.0243825677124254,0.238703541478365,0.0164192548238443,0.147067034744327,0.0902213047825468,0.101112678035209,4,0.00458461854114307,1.87275811123998e-08,1.0326932786968e-13,0.995215278315929,9.68091795813071e-11,8.72267372189661e-25,0.000186805482038586,1.32788363955718e-05,"HS763",2400,-22.38277778,-44.68638889
"89",0.117936753286175,0.0716811507637235,-0.394084264692357,0.103185269720364,0.0396929665677358,-0.0725325982762645,-0.0645036182356081,-0.295600787675071,0.420498813882446,8,0.000466012443843862,5.58440773728601e-08,6.98733641318718e-14,0.000177789195863336,5.83355391218921e-25,5.38097790184528e-38,3.96961689459147e-14,0.999356142516106,"IJ5864",2050,-28.9,-70.06666667
"90",-1.0752735274369,-0.332359007385269,-0.0724031632671791,0.123010950001529,-0.0410572926400924,0.100231147427671,-0.144150563241507,0.245628329772352,-0.121134097864923,3,5.53710906135961e-26,4.31201150235391e-17,0.99999999999108,3.14132024874933e-18,4.28474402132267e-41,7.43365061967919e-12,9.6063012213542e-46,1.48634139884905e-12,"IT20026",240,-31.56666667,-52.61666667
"91",-0.314365783445573,0.326644617847238,0.104265828777787,-0.241171276802633,-0.400221362353857,0.0882533738474535,-0.00289502406379542,0.123471045558131,-0.16679459913112,2,7.203570422571e-08,0.999999846508819,8.32973807955036e-11,8.04288902790029e-08,4.20136631795137e-34,4.37286585169413e-22,5.91546211380335e-25,9.43289304432312e-10,"JB5177",80,-29.56666667,-51.3625
"92",0.668833085967582,0.0193343148490833,0.068356185471321,0.401068334154102,-0.157495065366479,0.181562826478678,-0.109939998396348,-0.0317910696719685,-0.0325707624396914,1,0.999739223115159,3.44180160591113e-22,5.81656553700909e-25,0.000260570503113228,5.45702574636264e-17,1.95290244313389e-66,9.74892773265101e-22,2.06381727643295e-07,"JC1636",1740,-25.25,-48.84611111
"93",0.154738301614459,-0.135018023981788,0.303784208390431,0.146415418609857,0.106332517627757,-0.101034347513626,-0.0765017075890365,0.0321731142229206,-0.166268764223007,4,0.0014949834381632,1.41841408336098e-11,2.92349162071935e-14,0.998504897276287,1.65648379473296e-09,1.69186465187739e-26,2.05990844342252e-10,1.1740886177485e-07,"JG587",2710,-20.75461111,-64.54427778
"94",-0.858216552917004,-0.0756555686612197,0.00855383388287561,0.0453233861428921,0.27733836902733,0.00055913881740155,0.072918999455831,-0.0236157525704883,-0.115710640114381,6,2.65659114214781e-20,1.78960578705254e-09,0.00017877933570464,1.54346332802215e-12,5.03552421837749e-39,0.99982121885736,4.79588039308352e-33,1.578580690516e-11,"JI165",60,-29.26666667,-57.56666667
"95",0.53438771947608,0.137102608829852,-0.170070945125878,0.227823310154902,0.0388641901259204,0.188557591147515,0.0744186005421063,-0.324761465947981,-0.0124198168568262,1,0.999233596880572,1.69632488572923e-15,1.93496581231078e-22,0.00050198218885581,2.70734411041467e-21,1.82072657988805e-52,1.189625639431e-16,0.000264420930570083,"JK1720",2150,-22.47138889,-43.05333333
"96",-0.304972513937981,0.466325159704273,-0.0601239144431307,-0.110450080136263,-0.245838509431725,-0.133028505266275,0.103776501099025,0.0591184010307795,-0.0524149245811897,2,2.09473873807556e-09,0.999999970947143,1.66704244807955e-14,1.72346384797483e-08,5.80982469723815e-42,3.18752625023292e-25,3.44705616542106e-29,9.72346310777954e-09,"JK1721",2150,-22.47138889,-43.05333333
"97",-0.308439657005341,0.222283800086176,0.0762992627272674,-0.235230472355211,-0.0685303292748678,0.103487459435349,-0.0943101458883317,0.155271853711849,0.0579995928431708,2,2.97576256380885e-07,0.999991706407938,7.98904362554179e-09,7.9687165469577e-06,1.49676030399742e-30,2.49423298358144e-17,3.30718805944586e-16,1.93102141858649e-08,"JM14715",205,-26.53194444,-54.72555556
"98",0.618635584402662,-0.12111372634474,-0.186725891976925,-0.169367102326934,-0.232109181521662,0.112903677103206,0.280134239433873,0.111784564142008,0.217773827410615,1,0.997732252333294,1.02551744763263e-16,1.25045910066382e-22,0.000142907085455338,5.66821317526576e-09,5.07213328340207e-64,6.6154304614924e-09,0.00212482829760731,"JS10129",1000,-22.2,-64.53333333
"99",0.226785426770124,-0.477014547635772,0.0930595346311675,0.212848973595985,-0.641476332609595,-0.0671595663783733,0.0820177173566474,0.0380365346326581,0.0705841315838818,5,1.33447143612605e-07,4.00278327641154e-20,4.28203302474251e-16,3.43506518429854e-07,0.999999442349204,8.60179611040184e-46,4.49077125816165e-20,8.0697133512524e-08,"JS38",812,-25.39166667,-49.98138889
"100",0.471044385733449,0.10097563852655,0.27849409778962,-0.123110185101911,-0.0511368253911621,0.102037065846167,-0.060727730206057,-0.255643765001223,-0.0718918201410929,1,0.993677709569185,3.1291971299649e-13,3.14780297617077e-21,0.00632228958176301,8.1842337237207e-17,2.51794237820808e-46,1.74192428224245e-11,8.31319661759098e-10,"JT229",2969,-17.83666667,-64.73472222
"101",0.348908527559691,0.18714721002212,0.206320590391002,0.289370265392839,0.00929716057493702,0.0519375212801179,-0.112189307232193,-0.0737502673239871,0.145161836016462,1,0.823702617150602,1.0719283460832e-11,3.22835661217808e-19,0.17629728474656,3.71820945173408e-22,2.34746337431619e-43,1.87450008182508e-17,9.80921182484354e-08,"JV135",2263,-22.47111111,-43.05527778
"102",0.15824945996825,0.0347760107847815,0.0956313843540192,0.120999897927099,0.205687931957512,0.0168592181211041,-0.0154196713481544,0.0273309964699588,0.0191962207077295,4,0.0254171407810791,1.88090656879267e-07,1.89232910920045e-14,0.974570897265947,3.70678550725535e-15,4.6361245111091e-25,1.92893621670776e-07,1.15809686723454e-05,"JW10607",2300,-18.58555556,-64.03944444
"103",-0.861959425452563,-0.181896474616353,0.17802592547069,-0.0402851110408028,0.061249336404762,0.110975993400266,0.10859564971902,-0.131496047397252,0.0115612922237704,6,4.63473520550786e-19,1.04413737600288e-09,0.0695883488158739,8.17162205299763e-12,9.50367346575353e-34,0.930411650129491,9.09651195343033e-33,2.32609686470984e-12,"JW1950",890,-28.03194444,-51.17694444
"104",0.170189347924632,-0.307418373287764,-0.248284943922158,-0.514693655691622,0.292057527074758,0.0593820112891671,-0.00949331345003844,-0.109793904796387,-0.0340006826239083,7,7.34416826649080e-09,3.53853199752134e-15,4.28026248788434e-16,1.39155869948774e-08,5.10307900420796e-12,3.78748302443423e-36,0.999998101770821,1.87696431685982e-06,"JW5200",400,-32.96666667,-71.26666667
"105",0.336207724158499,0.21465008634493,0.150109424460537,0.517695380495051,0.361637548466779,0.00356301636178197,0.0902458012693115,0.0871441895894482,0.133983477486555,4,0.0438895120339803,4.80435093357775e-15,4.44257056095829e-21,0.956108762408638,4.29070956292226e-27,8.24587294482051e-46,2.48504209842002e-22,1.72555737679001e-06,"JW8943",3500,-17.8,-66.41666667
"106",0.0717317584441238,0.247434398462508,0.464716913019435,0.254059246599358,0.0985350047920944,-0.0504807052321136,0.134343380176072,0.134806681776647,-0.111609563047238,4,0.0021777648159173,3.45912540773117e-09,6.16779350674784e-17,0.997822231308662,3.77652127598995e-26,7.58998469360786e-31,8.50946331594125e-24,4.16295005099624e-10,"JW9552",3300,-21.46611111,-64.88527778
"107",-0.0302013846145266,0.0120990481275582,0.193039404182458,0.304168986293543,0.671895840254749,-0.0778731393759538,0.035700732321188,0.227792866914736,0.0503673021417963,4,3.08656302590669e-06,7.66328258112138e-12,9.03841627880245e-14,0.999996112906086,1.58772270177743e-23,1.21206647237946e-23,9.14227871010099e-15,8.00523124964569e-07,"KF2441",2800,-21.46388889,-64.85583333
"108",0.678396749011954,0.274635575064683,0.0300419433248951,-0.139208985825745,0.0109010597329337,0.123754444789191,-0.000592804002802302,0.0735768542237449,0.10778498511442,1,0.999972726280331,3.8425609855889e-16,2.6016795524627e-28,2.72700554819787e-05,2.46568140724425e-25,7.61224245680298e-68,6.86729687699421e-14,3.66411838170224e-09,"KK10696",1400,-27.39777778,-65.94416667
"109",0.352396332194767,-0.657185481353652,-0.0712778362585131,-0.155461263759783,-0.0531026909689318,-0.0931489323450694,-0.0618751833680522,-0.0714863413370758,-0.0409758117458006,5,6.43759827235784e-11,2.35448462306975e-27,1.29725646454951e-19,4.64524995287138e-10,0.999999989921164,9.62419264224448e-53,4.70189476621945e-10,9.07974612753125e-09,"LF10",927,-25.51266667,-49.054
"110",-0.112741231158696,0.283418712314114,-0.171632388213393,-0.229043068134191,-0.155624341770248,-0.142024793974686,0.032447792504395,-0.0865714998017969,-0.188960261073161,2,3.17012946650817e-06,0.999972175308933,7.31353607040027e-14,4.17690226841485e-06,4.55905602186654e-29,4.93248851206838e-23,3.83054622170874e-16,2.0477659259181e-05,"LF16",914,-25.49422222,-49.04433333
"111",-0.329314983069717,0.252181324496763,-0.0170851081123471,-0.219191556809408,-0.0276509506642676,-0.141548643367242,0.101610893590525,0.110204445962882,-0.10870193304063,2,2.0275548897798e-09,0.999998956014853,1.0030583390531e-11,9.94863793305362e-07,5.63511972597214e-32,2.06817537375652e-15,6.60632705229753e-19,4.70837660264621e-08,"LF18",915,-25.49444444,-49.04444444
"112",-0.286751626653174,0.311296372655009,-0.0363224747222347,-0.159389145748054,-0.161819073698644,-0.13374186711011,-0.0453648212728574,0.082893897712794,-0.022156840229533,2,4.57685468508704e-09,0.999999822235037,1.07382348674113e-12,1.61786560910473e-07,3.62254532358841e-34,7.67422966639005e-20,9.90646073293413e-21,1.14004737522579e-08,"LF33",709,-27.66580556,-49.20533333
"113",-0.29863840794066,-0.0772952376702543,-0.175778021757954,0.0605041549133821,-0.369918178348347,-0.0810908901777224,0.110192566787575,-0.189938339000941,0.0347016440101406,2,3.42799511459382e-06,0.894670970401305,5.71721941019341e-05,0.000594615134772627,2.00549174125531e-15,8.91017860452407e-10,9.50598566416834e-16,0.104673813383685,"LF39",1194,-28.05541667,-49.48922222
"114",-0.172145124519862,0.199433434426303,-0.147581419061996,-0.00223123782748467,-0.247147645414908,-0.121918679892558,-0.132480287967518,0.011417385427832,0.0290454214062552,2,3.50266210545754e-06,0.999933642731755,4.22660655139205e-11,2.11364134383439e-05,3.56997098446203e-26,1.88461244128394e-20,1.89398559172099e-16,4.17181504349082e-05,"LF46",1130,-28.05583333,-49.36666667
"115",-0.316344186515282,0.366505048199819,-0.0663352859347109,-0.0981465316602989,0.313523193492506,-0.0647062732008458,-0.0324343339879173,-0.0339059677413034,-0.0677713841321187,2,4.89282605139634e-08,0.999964309727143,4.3093014889906e-11,3.44643401378362e-05,8.28642239078699e-39,1.33209381218607e-14,7.32199409264892e-19,1.17696135243192e-06,"LF6",900,-25.44833333,-49.23888889
"116",-0.350429593261167,0.0210187956761609,-0.04525972650477,0.154258419407114,-0.265487220809639,-0.0675770063115976,0.00905249896964176,-0.00510562271677939,0.0415028943341398,2,4.05297707158512e-07,0.999326134244822,6.83320627282452e-06,0.000462052917850046,3.15467021035998e-20,2.14669116687121e-08,5.41681260681116e-18,0.000204552866436133,"LF61",1116,-27.89308333,-50.13913889
"117",0.467360812508951,0.257068584399585,0.0924968487912355,0.00828518817914703,-0.120245511229988,0.0806505923692777,-0.0651273364896465,-0.0108037890695059,-0.131811869486188,1,0.999127619487391,3.19608557984713e-11,6.04720036733951e-23,0.000872354441931795,3.85956580019907e-22,1.12334390258068e-49,7.37998928932508e-15,2.60387087333732e-08,"LF86",1823,-25.24083333,-48.8305
"118",0.41118929706338,0.151686963906982,0.129016257298991,0.284100526885012,-0.330212699579706,-0.0389477715629666,-0.148425712066648,0.0755669376766827,-0.0484146549122143,1,0.989652719006526,1.02273247901706e-11,1.14370458468783e-20,0.0103469264683236,1.04786843197412e-17,1.36787659950816e-48,8.76838585474391e-19,3.54514923344998e-07,"LF87",1823,-25.24086111,-48.8305
"119",-0.795979113660051,-0.150345584122331,0.0806178007158821,0.0330233724936767,0.0773845080526475,-0.0629575533556728,-0.0311334386409393,-0.172798427494916,-0.130746043388996,6,4.42586988872849e-19,2.37420788581131e-09,0.00055661039553208,7.32794526348073e-12,3.02971733033627e-33,0.999443387211919,2.64001359104559e-31,1.10126434461556e-11,"LL3886",900,-25.75,-49.25
"120",0.267667783589605,-0.340637093405648,-0.0148685223336462,-0.496236810051738,0.23959835901159,0.0473207709591713,0.0570964338427235,-0.210229345808054,0.113951789033948,7,3.75818137003571e-07,1.31276215319316e-16,5.02298618489095e-17,1.15277559167693e-06,2.00975563977158e-08,5.5410335289327e-39,0.999998407274797,4.40339173618391e-08,"LL5949",1200,-33.71194444,-70.32
"121",-0.470202207858377,0.242094353065418,0.0334054219623298,-0.175791052477184,-0.139738398598916,-0.061615971619873,-0.038582816652816,0.0730485298563886,0.0807501736652047,2,2.90584411696872e-11,0.999999976156856,3.14375526033091e-09,1.99684651101126e-08,1.3752841049521e-35,1.98749417435519e-13,8.41933837145271e-23,7.0166609458849e-10,"LS10571",1000,-26.2,-49.23333333
"122",-0.2201322412486,0.195626835703521,0.132581984538488,-0.197486272122059,-0.209043051868569,0.00646317113145366,-0.0365933268813094,0.105882833270134,0.0298502682464932,2,2.02611924512759e-06,0.999957359049133,1.48951868756187e-10,4.06062668111511e-05,1.00528503555083e-25,8.56556653248497e-18,2.41181664943557e-15,8.41585604187257e-09,"LS11641",1000,-26.4,-53.13333333
"123",0.385748284420856,0.224407297890559,0.131050936976969,0.304491393907594,-0.0426199479174449,0.169806829388942,0.0566192135415589,-0.0612876256587916,-0.0576346931620685,1,0.981109131194958,1.6937920996222e-12,1.36619448811311e-20,0.0188905715932761,7.32067607819382e-23,4.24468002377429e-45,3.3270464965701e-20,2.97210072212686e-07,"LS1492",2150,-22.39166667,-44.61527778
"124",0.301959455178108,0.0940705195790066,0.28872049622757,0.286949779651203,0.0149099716114839,-0.0345585214695781,0.0533047105227792,0.0998921998436618,0.0592504901456714,4,0.0944120478485336,1.20818193934629e-11,5.49907638664729e-19,0.905587917268914,7.39202607380991e-17,2.51038712633345e-38,4.41095083143944e-16,3.48704700402738e-08,"LS1493",2150,-22.39194444,-44.61555556
"125",-0.881774652417358,-0.0235839344510835,0.293594192086974,0.0711848259269764,0.291233707028011,-0.111330443641628,-0.0381519223708468,-0.199397403505353,-0.161787918224651,6,1.58477192765367e-19,4.61551543029442e-10,0.000607238438972295,9.57172661750187e-11,6.84282077289948e-42,0.999392761003623,9.01680715535116e-38,1.35539930611107e-13,"LS293",800,-25.42805556,-50.51972222
"126",-0.986792374201782,-0.179985906522497,0.140614877283977,-0.00287503832741019,-0.435669845032378,0.126253614396128,-0.0294532100225973,0.0201814265385466,-0.137864593682281,3,2.04317361975896e-21,8.26074311475677e-11,0.999999952496888,1.20147598776427e-15,2.15543598994599e-37,4.74202896982085e-08,3.48661688739257e-44,2.13787379657486e-13,"LS367",731,-29.12055556,-51.24416667
"127",0.35409639729669,-0.580983010102334,0.218013816669953,-0.0761025495755611,-0.437357275914485,-0.169404279599244,0.101281177081615,0.120940717304249,0.0518360269226392,5,8.5218543872422e-11,4.38886639037642e-27,8.20183850163671e-22,7.13623008992067e-10,0.999999999198416,1.02653542479777e-57,3.91512565823414e-18,2.74285055230992e-12,"LS9075",1250,-26.65722222,-50.96111111
"128",0.626620699536366,0.299931690729553,0.0521877687468035,0.156883203119673,-0.144765360612141,0.0591161178957645,-0.0512779120472448,-0.00174784032202191,0.109084396310699,1,0.999910625408057,8.78029232534285e-16,2.12993264918463e-27,8.93658762055156e-05,4.67139465856058e-26,6.22445619876381e-65,4.49368544936518e-20,8.71573656663538e-09,"M 4544",1200,-26.81472222,-65.37861111
"129",0.401206561653655,0.158029473253596,0.238451342351825,0.315588690769164,0.385934542996218,-0.0038672827908699,0.10751138776745,0.115746483246819,0.0436251188965508,4,0.0578660091179817,2.16472168190251e-15,2.6432316227335e-22,0.942133944611654,1.29434712827692e-22,1.53849373695283e-45,6.22760966343102e-17,4.6270361544521e-08,"MC6241",2900,-17.62916667,-65.72777778
"130",0.279713263115164,-0.176048300345586,-0.134518121777275,-0.275854727262827,0.141037578279794,0.0567453604814528,-0.114914256568535,0.117837090175855,0.0130995754887294,7,9.37677398209535e-05,2.68916331180776e-12,9.60449382670288e-17,2.96893052778172e-05,2.58972221107824e-10,2.64579499517422e-38,0.999869080681855,7.46201138492894e-06,"MG25",668,-35.10527778,-71.03111111
"131",0.370426348768255,-0.116454261675979,-0.0617211616279556,-0.297557524718366,0.386133432447114,-0.00324247879328674,-0.120981626195205,-0.156299610477647,0.00654944454146577,7,0.000106997588193185,1.9042084789911e-14,1.3863017120704e-19,7.87079775699492e-05,5.8078061097695e-14,3.40014578528473e-40,0.999813961168627,3.33265532559679e-07,"MG5435",600,-33.06666667,-70.95
"132",0.203072569161269,-0.281462290083092,-0.101873130188555,-0.239690204374312,0.420732299309401,-0.0402328508353255,0.0590207900856771,0.163891244187867,0.00376329977792622,7,7.03003617963665e-07,1.4290628346327e-14,2.04071235336436e-16,0.000107908821279606,2.59239377392296e-09,7.64823434706294e-34,0.999881944053806,9.4415288884751e-06,"MG5655",120,-30.21666667,-71.33333333
"133",0.243540357715932,0.00562619164787195,-0.118211062767151,-0.0264716517692423,0.226314998558725,-0.166130289585705,0.0809017423088414,0.0344081149085496,0.0792709608931309,4,0.0526487604751005,6.33434555159085e-07,3.55681977742213e-16,0.931690468610329,2.69809277415763e-13,8.88974839051439e-31,0.001874848746567,0.0137852887331784,"MG5665",1510,-30.16666667,-70.65
"134",-0.00449661960995305,-0.00222379466481013,-0.688911996321765,0.170329830266357,-0.0723787383641104,-0.039353453878614,-0.0607140926144854,0.0743675971794587,-0.0594125096703077,8,2.7308317919835e-09,7.04799140543870e-11,4.02164436539157e-15,6.2662751709931e-10,3.89211221119537e-26,2.79807029650925e-38,1.68398444704484e-19,0.999999996572057,"MG6297",3280,-18.66111111,-69.57944444
"135",0.00628622283685913,-0.0300809819028217,-0.793814867421089,0.220714000758732,-0.0914148423644176,-0.0820553265807984,0.0419540757069547,-0.0974986358843784,-0.0157499704391413,8,2.2431865514764e-11,4.27686552363233e-14,4.98171610363227e-17,4.36024456162035e-12,6.89179282872634e-29,4.55836497460594e-43,1.52953701133193e-24,0.999999999973165,"MG6302",1800,-18.83305556,-69.74527778
"136",-0.156534609452602,-0.121475406408414,-0.99071336940169,0.635412211088837,0.124347235959716,-0.0590180295505411,0.111576497016685,0.0400264025128378,-0.130164511382736,8,1.31640295331076e-18,2.96082796329353e-26,1.44838243661119e-18,1.89176180835711e-17,2.23846674216967e-42,4.13340377619585e-57,7.34449404515201e-46,1,"MG6562",1988,-20.08263889,-69.35975
"137",0.243841541687944,-0.571484519003052,0.169913132052874,0.193833742214164,-0.221630352662449,-0.138226576270147,-0.131302631509303,0.0304852077235289,-0.0482866943838669,5,4.97103830077653e-09,3.83438526025763e-24,1.24155663513026e-16,8.50504578246665e-07,0.999999141006764,8.9542567832971e-45,3.60171254593421e-16,3.51761880705543e-09,"MK902",890,-25.58388889,-49.24527778
"138",0.139569358738206,0.119224678970575,0.260048172234257,-0.124735307467222,-0.237492744748447,0.0323805606103239,0.00193797095803358,-0.0159283582082495,-0.126317269066037,1,0.672358984952971,0.000443456977816711,9.01909447690496e-14,0.327197319694083,7.90414644509172e-15,4.69459872470261e-27,1.72266085952579e-10,2.38202764750858e-07,"MN33903",2200,-18.56666667,-64.05
"139",-0.368783246657019,0.334228200831975,-0.107080539566358,-0.0162557554332388,-0.113320382794101,-0.139252662067514,-0.0397631871090872,-0.0508537883302807,0.128818957273427,2,7.4300416669227e-10,0.999999761516547,2.87037075437177e-11,1.06365519777628e-07,2.09886775010701e-38,4.15794234251526e-18,1.01005380758173e-24,1.31346225115225e-07,"MR221",1700,-22.7,-45.58333333
"140",-0.0228133305597557,0.026671964538924,0.485274067103678,0.296287033416635,0.280601447394524,-0.102752455591216,-0.0898002673600499,0.126983889881511,-0.197580374975659,4,2.18130018714481e-05,5.90876876664977e-12,1.24826662293324e-13,0.999978186551223,3.69968013609293e-21,1.82851980033294e-24,1.7239297103308e-20,4.40871765788529e-10,"MS5081",2396,-22.01,-64.59472222
"141",0.503612091677988,0.343683800376869,-0.0116457995618935,0.0453803365871072,-0.00635663167683844,0.143951797554079,0.0220200206416399,0.0974183796038952,0.0910047448703118,1,0.999719186566773,3.48228517829796e-12,1.2172802859951e-24,0.000280657133966042,5.21026941141932e-28,2.80822207260613e-57,6.16095795954502e-17,1.56295778195884e-07,"MS5087",2396,-22.01027778,-64.59472222
"142",-0.965657440495294,-0.304438827657559,-0.128182249762858,0.189297487635197,-0.108095764891523,0.0814700236329968,-0.0888635880614179,0.0377234874473115,-0.0340460135501316,3,8.04197529645646e-23,7.73344037117782e-14,0.99999988887809,7.66298663064852e-16,3.81613591562491e-36,1.10874034574951e-07,1.29339908345627e-40,2.47797614924258e-10,"MS6428",350,-30.54194444,-53.47638889
"143",0.109687482081949,0.0887880303951918,-0.0525889120234216,0.177144515611055,0.395579561881664,-0.0467709868312225,0.0942568573153897,-0.0466390168631021,-0.049690113122826,4,0.00405847919084636,5.00865939274309e-07,1.28345062586522e-14,0.994623354621553,1.94619069190627e-19,1.39574579863634e-22,3.12626224161558e-09,0.00131766219538618,"Ns.n.",1543,-22.75,-44.67527778
"144",0.354837852380294,-0.536938132766802,0.0722108352662576,-0.036108658590653,-0.234614387562194,0.109206559120067,0.129025819695568,-0.0958438500012488,-0.172192877888125,5,3.19865231728203e-08,8.05794454466337e-25,9.60318062981112e-19,2.33305429840514e-08,0.99999994013534,1.28480843211352e-48,3.11846048145483e-14,4.54756223331288e-09,"NS5746",1650,-22.73888889,-45.59333333
"145",-0.658393247551248,-0.104543853999755,-0.064766520432748,0.0424648284107065,0.132339556765417,0.0754355522877673,0.100015091561601,-0.166166691934183,-0.0684582935535884,6,5.57309289944495e-15,1.63960339375767e-06,0.000971406781153296,2.91711638998887e-09,1.61496055746285e-29,0.999026880281511,1.05688193859577e-24,7.04168197001163e-08,"NT2455",30,-31.56083333,-58.175
"146",0.176886121667217,0.0313388025824773,-0.450469274420128,-0.00819834780129013,0.493722780834864,-0.0590283930113303,-0.202425514876358,-0.0283909986112302,0.221257533071188,8,9.86130824174197e-05,1.23658292212391e-10,2.04911529566801e-15,0.000239408862876664,3.16723216517113e-25,7.01582027061423e-40,3.98597086220714e-07,0.999661579333959,"OZ3990",1800,-29.93333333,-70.3
"147",0.270457619907217,-0.25138809969266,0.0708055093246703,-0.492337920499489,0.579302002884086,-0.0293688456700809,0.084911363043228,0.223318543193988,0.0296233398546377,7,1.72304258102036e-07,1.26930532207612e-17,2.81716921853271e-19,2.28439765862206e-05,4.82481365181257e-13,9.44395592317371e-43,0.999976976198949,7.5197246532347e-09,"OZ6524",1500,-33.86666667,-70.4
"148",0.150158620423302,-0.182337388864653,-0.0993781308730302,-0.171209353240805,0.236075543873835,-0.019254898601665,0.043427539354621,0.0813641912153727,-0.0279568263408965,7,8.69209216445949e-05,2.28175580898303e-09,4.50127474915994e-14,0.00345674251634592,6.38112084057775e-09,3.15006087211658e-26,0.996291271261136,0.000165056637951931,"PB4",700,-32.95,-71.08333333
"149",0.418321395644222,-0.131374969435762,0.280006813260053,0.0462145232228174,0.43151823025432,-0.0787159202669992,0.029507134867378,0.189690474609365,-0.0757408677115691,4,0.00735680890440939,1.57931858733834e-17,1.5726160066969e-20,0.992642934813366,7.60322808148716e-11,2.12085376430115e-43,2.16587380947226e-07,3.96188114277509e-08,"PB4540",2740,-20.44333333,-41.81166667
"150",0.257255940675453,0.0438114605807805,-0.439973013465282,0.362163529684444,0.342242744690675,0.0335179903797208,-0.0334614642420819,0.201505528354189,0.124650522719801,8,0.000239956970414199,8.89223392869954e-14,6.1279279533646e-18,0.000260042266702471,7.74438042555721e-24,3.74539087443895e-45,1.11206952960513e-14,0.999500000762783,"PB512",2650,-30.14361111,-70.04861111
"151",0.266641562010335,0.207037035037187,-0.152754283300653,-0.0631159571529202,-0.0103303851749631,0.04932200177072,0.0891993997111412,-0.0255744928730179,0.0291563689320641,1,0.974030914921291,0.000123521258930198,3.71021515060128e-17,0.0239909985183029,9.6180825032881e-20,1.7409132921951e-34,5.43895410360345e-08,0.00185451091193502,"PC584",1850,-28.73972222,-66.98222222
"152",0.30210517494526,-0.54571443040554,0.297826974366685,-0.259536994324449,-0.230411906748767,0.155565570129695,0.319394075392426,-0.123154595327596,-0.0388284964846164,5,4.2565736561468e-07,7.13994508501472e-24,1.18717299723195e-16,1.18017940064418e-06,0.999998393479123,8.74855001701779e-49,1.65087280492755e-14,6.8409388957338e-10,"PD15954",850,-24.25,-49.7
"153",0.731074146554898,0.229798344116933,0.209004849628402,0.360213144380762,-0.592447427879046,0.0482600658337711,-0.0323556530845544,-0.253022133486432,-0.0123401686284201,1,0.999996317255075,7.45259037084214e-22,2.09821054653892e-29,3.68257034860281e-06,2.09815841878182e-24,4.49836052954289e-77,3.9784425344198e-33,1.74576880601533e-10,"PDs.n.",2750,-22.38,-44.66138889
"154",-0.311312211915762,0.232033194293298,0.00367317013066508,-0.134748600634236,-0.34023569254955,0.11851190253635,-0.00708389248719073,0.0510843615885777,-0.167098910809765,2,1.8121865652381e-07,0.999999270514535,3.60119170964199e-09,4.55213142111275e-07,1.40927671383972e-29,5.01233290542497e-17,1.16615829519866e-21,8.94524750834904e-08,"PJ34248",220,-27.48305556,-55.48305556
"155",0.598389270834691,0.221939940616752,-0.202879803418616,-0.345769473355716,-0.0688207858395623,0.125801432922918,-0.00548942048845626,-0.0509857678892178,0.0112435758391482,1,0.999990305172395,3.5681756951587e-12,4.58071641564637e-25,4.83856669996971e-06,2.0577880835811e-22,7.38252782473533e-61,2.48107134435188e-08,4.83144662357461e-06,"PL5936C",1700,-23.46666667,-65
"156",-0.395938371013548,0.142248497840218,0.0810058773495309,-0.035148716420721,-0.0317063024030911,-0.0488045346642815,-0.117891014269018,0.161701295695536,0.0345587345791028,2,2.29035539270462e-08,0.999932048420677,3.10538246596036e-07,6.74930171939369e-05,6.2955533154518e-28,2.00710234714093e-10,2.15092715843451e-17,1.24919618765659e-07,"PR11764",800,-26.82111111,-51.00388889
"157",-0.579360476086322,0.274894102136013,-0.0471352890945496,-0.255241309019575,-0.0700890571980022,0.0645081815136685,0.136050951126372,0.0137152185719057,-0.022006935646758,2,8.9434156495658e-13,0.999999952762823,4.4728299000968e-08,5.71334236939822e-10,2.05359372871498e-40,4.80742874763363e-11,2.07061340228352e-26,1.88857469620422e-09,"PR12237",900,-27.3,-50.55
"158",-1.00905932366414,-0.462946675869113,-0.0575000604193882,0.085914135730219,-0.150222568518538,0.0596932156422677,-0.260353425952283,-0.0285892301667756,0.0225173312477903,3,2.77063839452515e-26,1.25497497970943e-19,0.999999999999609,5.19833008392955e-19,4.43893815447131e-37,5.14027640840111e-15,2.1225202993872e-44,3.85751211634005e-13,"PR14398",800,-27.5,-51.46666667
"159",0.505719125776254,0.0348863711230398,0.105904620394903,0.251385969502739,0.0932135090458837,0.1249514860767,0.167855678396601,-0.20788144230304,-0.099378157050259,1,0.938276587656594,2.15428990040143e-16,9.84677042874816e-22,0.0617208701754525,3.12474389509034e-15,9.45452166093947e-47,1.58663237130789e-15,2.54216794884508e-06,"PR2962",1860,-28.13833333,-49.52666667
"160",0.167483956530804,0.151860174488581,0.254605897158275,0.11832794887723,-0.0449316457781366,0.0374200114986767,-0.0595338286834658,-0.0723082433555746,0.247503600444843,4,0.280481805876375,4.89702339428744e-07,8.14819122381068e-15,0.719517540370524,2.18817437026978e-20,1.54190661621393e-32,4.70596836291584e-14,1.6405070629668e-07,"PR62989",2100,-22.46638889,-43.05444444
"161",-0.614763673203936,0.1888864349975,0.0419413736072463,-0.175534575695561,0.0747224975493202,-0.0279784516880195,0.148235019854865,0.0837080123639146,-0.0477580853329799,2,1.75928397013788e-12,0.999974002087496,1.8082755062011e-06,1.00781609036173e-07,3.29598139405453e-36,2.40804613597408e-05,5.51557273265164e-24,8.39226966549086e-09,"PR6686",1099,-28.02722222,-49.61222222
"162",-0.414335182016302,0.314808203183852,0.0556964635246308,-0.104985806502766,-0.338127581933093,-0.180909067408463,0.0229015549235266,0.0243789057279642,-0.00835775871310776,2,8.29048025958174e-11,0.999999983357398,1.54509459057546e-11,1.60268623570008e-08,1.30769318771157e-36,7.84427358365393e-18,6.98493351854521e-28,5.17383422474514e-10,"RB93",1800,-22.71666667,-45.45
"163",-0.351813481712803,0.160648863131456,-0.00951493645348014,-0.195439973283332,-0.233507451733438,0.0818057697518631,0.0817443375314113,0.0732803714868758,0.00611094148996039,2,7.97675369384747e-09,0.999999677865961,6.31844715590604e-09,2.68126807998638e-07,7.8513186035698e-28,8.88370863426693e-14,2.86997741291431e-18,3.97119409342272e-08,"RD10799",70,-34.05,-54.6
"164",-0.414986071306267,0.300548276534262,-0.0760584843768765,-0.170526136796567,-0.272324670460132,0.0866328147450407,0.0241832466740637,0.205417778039043,-0.19233786904028,2,9.99136805971919e-10,0.999999939739245,1.41279041044764e-09,7.61379955692421e-09,3.35023462289738e-36,1.22692420439057e-18,1.37351576810604e-25,5.02350284948953e-08,"RD1744",250,-26.16666667,-55.83333333
"165",0.497966691794672,0.148226694918257,0.110408006308906,0.110094508500926,-0.161084555044507,-0.0304048549162779,0.0361890638800966,0.133135349534128,0.0532303428057697,1,0.989114568655045,2.88851412503965e-12,3.04026412704084e-23,0.0108852878246371,1.0349982216349e-16,2.91465685796241e-51,1.03166660909686e-13,1.43517325755971e-07,"RF1966",1700,-24.02277778,-65.38638889
"166",-0.751978071286252,0.0371906642313134,0.0157366065660845,0.0114453482993762,0.0985345419514122,0.0302516040146161,0.118155228621612,-0.106491443340562,-0.126686330633012,6,1.97776239556473e-16,2.37983660306632e-05,0.000106906618999356,2.11169130357267e-10,7.11038591603761e-37,0.999869294268793,1.99170617109008e-30,5.35007904721705e-10,"RG5802",100,-33.43277778,-55.89972222
"167",0.344634143787577,-0.353974474358347,-0.540246159854585,0.384738900939936,0.552723046069458,0.141686142254823,-0.000414080247080173,0.349916972088443,-0.233295744176485,8,7.93105951576544e-09,1.10492080044523e-28,9.36371504476477e-20,3.10400443071293e-08,1.15156944094971e-18,1.55259139304919e-61,5.41302414762608e-20,0.999999961028896,"RK4485",950,-27.85416667,-50.27222222
"168",0.199237015962099,0.0611880316807544,-0.455285080557735,0.191216381172705,0.127850070933877,-0.0395065236612804,-0.013786597645504,-0.328322781968622,0.290574387493346,8,0.000222509234606029,2.21735948985843e-10,3.51536376775496e-16,4.93941300466594e-05,2.26658158712134e-24,1.46980353467077e-39,1.97631247147623e-14,0.999728096413591,"RK7653",2100,-31.08333333,-69.58333333
"169",-0.749832103732508,-0.0197408472040314,0.171935693747451,0.0198707743377776,0.426492862111305,0.0394293024651138,0.0801665794026138,-0.124775369654202,0.10882470728075,6,2.91251052330628e-16,1.24636187689362e-07,0.000669341451317966,1.63083997258923e-08,1.73603033687986e-37,0.999330517543075,7.12094983532591e-28,6.10197760433796e-11,"RV3718",70,-28.44472222,-56.01916667
"170",0.37345306037273,0.101700306509868,-0.307096943468185,-0.103533121130654,0.123703813850613,0.0129849834738735,-0.108468156491665,-0.0845893791399632,0.123419916557393,1,0.916374469058977,5.396532813277e-08,7.7357676725613e-18,0.00587978567291329,2.27144850406183e-18,1.91608827148895e-42,0.000426105484794084,0.0773195858179872,"RW18130",2400,-29.95,-70.55
"171",-0.50202399640672,0.283334371897799,0.0360671355157955,-0.289057917539722,0.00483611575510413,0.150891657117491,0.00335291248661695,-0.0712639441926004,0.023904262048911,2,1.40676070164424e-10,0.999999796979151,1.82082895210446e-07,1.93981739400237e-08,2.36401692864272e-39,3.95368811550279e-12,6.14010576923472e-23,1.39515038809515e-09,"RW423",830,-29.44527778,-50.62611111
"172",-0.231805720791395,0.319164371967226,-0.0616093906382099,-0.301753810956908,-0.0324035069937396,-0.00352974936993514,0.0577936170345613,-0.182781803901145,-0.0707620757502964,2,5.83713164985665e-08,0.999999583692269,1.26988529312896e-12,3.17535770127642e-07,3.88815522003282e-34,3.69073022187265e-18,1.27903463946142e-17,4.03993743675198e-08,"RW5162",700,-29.22277778,-51.365
"173",-0.423872025142274,0.271057447182324,0.00371201898184659,-0.297136247517707,-0.0960582634534709,0.0697281911197857,0.124625006021751,0.0551816574412017,-0.0658407387084611,2,1.66081358967575e-10,0.999999984399144,5.36932200379231e-10,1.32708907607638e-08,1.43279673705425e-35,3.95591887373847e-14,1.05484193479167e-21,1.62691230684708e-09,"RW5166",780,-29.16666667,-51.08333333
"174",-0.998497883117648,-0.52061292475955,-0.0401900131105377,0.082202931146327,-0.111845305930522,0.102671190752763,-0.0424821604813625,0.0682102914658651,0.125777879726823,3,4.34641999697079e-26,9.19366024512771e-20,0.999999999998937,3.1569828929587e-18,1.46306007049465e-33,1.10992192755828e-13,2.07872431648418e-42,9.52213274798888e-13,"RW842",900,-28.89944444,-50.38305556
"175",-0.566199996536457,-0.123006409892675,0.137192925354636,0.0320788397489502,0.132710209483993,0.0116299907219437,0.0375369826407397,-0.146308266778116,-0.0257125426961894,6,2.50128058450479e-13,1.73615443681111e-06,9.31029797247965e-05,3.09682823680023e-07,4.80006332657056e-25,0.999904849650754,4.58672371265586e-21,1.53201044683975e-09,"SR3089",170,-27.75,-55.75055556
"176",-0.645296614915168,-0.088265717666859,0.110298725084331,0.0582777052975964,0.184223666653059,-0.107069753671563,0.00293954373976066,-0.1429262569477,-0.0595263688278257,6,9.8770249336028e-16,3.08477414141421e-07,1.28787762459953e-05,1.01144008060889e-08,7.20651513426391e-30,0.999986802443084,5.18005868532625e-25,1.88853762476466e-10,"SR3711",85,-29.11611111,-57.92027778
"177",0.157022483340474,-0.0434251116687701,0.229379497415382,0.372170580865692,0.349042155939185,-0.111097444934515,-0.0393201308001144,-0.104145244649604,0.303124500323698,4,0.000257520072939291,6.66470703950977e-14,1.23478633480075e-15,0.999742075372821,5.6632751118415e-19,1.21313856390331e-32,1.04884917873904e-15,4.04554170482908e-07,"Ss.n.",2000,-20.4025,-41.78888889
"178",0.625782399405826,0.273288583634323,-0.0448160523219172,0.0584516859825712,-0.115558057303309,-0.0100229017458911,-0.0370278436413836,0.00164831580350468,0.03077178054365,1,0.999887296204927,4.3884419423659e-14,3.68435125939617e-27,0.000112539437546678,1.81443380332262e-23,1.2411423706328e-61,1.08744198963354e-15,1.64357481769029e-07,"SV10256",1500,-26.69972222,-65.45
"179",0.472264672827094,0.18491404871183,0.0356734577463458,0.161953676927226,0.0697043820351809,0.0430022637668823,0.0443285566097427,0.165404030673478,0.0168218291860255,1,0.972569705231661,2.42055746215225e-12,1.0474235818348e-22,0.0274285319379177,8.68861041275442e-20,3.70431324988618e-49,4.34230727053471e-13,1.76282756623357e-06,"SV1421",1100,-26.87083333,-65.375
"180",0.833596884416393,0.21959045009241,0.0488509967438279,-0.0369739111374886,-0.26816643307836,-0.0203930880200482,-0.175091219307793,0.047419673504343,0.112156334171139,1,0.999998469098056,1.23853061822945e-20,1.28968290768612e-31,1.53033770927851e-06,1.79823120777312e-23,4.56627630875646e-82,7.50652065794217e-19,5.64234361450335e-10,"SV2114",800,-26.87055556,-65.36305556
"181",0.766576769099922,-0.0898189144394792,0.138127925875682,-0.0201750831768626,0.17661863467755,0.0391462440888123,0.0668683264700436,0.24894540394703,0.17051303889017,1,0.99295243705806,7.49262808661896e-23,3.16978085706169e-27,0.0070474873212451,8.53410452595441e-12,4.25360281247581e-71,1.39412126907121e-09,7.42180397210915e-08,"SV3985",2000,-27.41666667,-66.08333333
"182",0.109769598938907,0.0998901180449051,0.249773979124713,0.509451623737741,0.184892422130818,-0.127456163523781,0.00391336465204442,0.165710117372012,-0.0512231106199306,4,0.000457734332167546,1.06202066530429e-11,1.57185149543186e-16,0.999541994393617,1.34088079056644e-21,5.28546401885136e-31,1.27353735294326e-21,2.71263594752568e-07,"SV9001",2500,-23.71666667,-65.66666667
"183",0.420987633505078,-0.762164068458015,0.0929831498247707,0.172856718966341,-0.164614329568454,0.0190430674957115,-0.0238729460255178,-0.0104011565523184,-0.0184344596539674,5,2.55305397913618e-12,7.77500703897011e-36,9.01752824112705e-22,2.41080398692042e-11,0.999999999948459,4.83237164609272e-64,2.56304892636243e-21,2.48797803879266e-11,"SX262",1650,-22.71416667,-45.56861111
"184",0.517218130603928,0.331097296741539,0.0621488085052759,0.375895202987058,-0.0613959374223317,-0.0221852264464725,-0.0238521377755668,0.174123956466034,0.122566322772937,1,0.994668355006732,1.64644288267296e-14,1.94003197738915e-25,0.00533131316120144,4.50416010776314e-28,8.1220782380162e-61,1.22116582518818e-23,3.318320502193e-07,"T4987",1750,-22.30944444,-64.66666667
"185",0.241915095585357,0.211414678301494,-0.0173629404419416,0.256213195372797,0.252482071062888,-0.098309023077776,0.0129504085568884,0.113756411743657,-0.000281489926628825,4,0.0846907114610372,6.1601742191022e-08,2.91667355816913e-18,0.915109602112102,1.39591236721819e-22,2.47073566050521e-34,6.30234715842557e-13,0.000199624824488533,"TM3492",2000,-29.21611111,-66.86416667
"186",-0.820844065003126,-0.0846491196937245,0.242454087756167,0.180875171686064,0.0722997457026139,-0.101101176576882,-0.00419552476116497,-0.119407742048738,0.00269051906341128,6,2.25015235581854e-18,5.8462041747038e-09,0.000697864894191696,3.09365097864701e-10,1.66875277000106e-35,0.99930212894901,3.31867594429291e-35,1.22949933131914e-12,"TP15595",80,-29.06805556,-57.35
"187",-0.916604967809849,-0.113302325932336,0.205084617807974,0.141392486780018,0.354598415210935,-0.00463630424694829,0.0195480472235631,0.0405281182036678,-0.043648629914605,6,7.4814331327121e-21,1.54018531826579e-11,0.00245383573248975,1.20316994583546e-11,4.87582571812255e-40,0.997546164239772,2.26126111288016e-36,3.04112778017307e-13,"TP5371",70,-29.28333333,-57.73305556
"188",0.359708852058274,-0.623391208806886,0.159144322860071,-0.051787209676973,-0.360138693509486,-0.0172480480562145,0.0455541048196045,0.027053022987103,-0.0505564332783817,5,1.40999189521803e-11,5.02598270094181e-29,1.38727497637408e-21,3.38022400562591e-11,0.999999999951088,3.71572708290864e-56,1.40070423299102e-17,1.01043992838531e-12,"VN108",1050,-25.03416667,-49.03333333
"189",-0.331938814291371,0.138118233626415,0.113594460882773,-0.145120007138763,-0.374234361430025,-0.231794639752573,0.071496810473726,-0.161137579863975,0.0956403470446829,2,1.38266609524678e-08,0.99999339563079,1.26178175586321e-09,6.5583600328862e-06,3.76375685112897e-26,5.6622205081932e-15,2.34237930682578e-21,3.09207283169311e-08,"WP155",1872,-22.76741667,-45.53822222
"190",0.544453049183857,-0.65627515423676,0.00445168634138758,-0.198375703797311,-0.272589496826938,-0.0823982097381025,0.0616284272674571,-0.0731512777623601,0.0196681354995768,5,1.79144297145092e-11,1.84831695021792e-32,1.74698977278454e-25,2.30984646003629e-12,0.999999999969175,1.96758179751546e-68,6.96076872458546e-15,1.05941066694645e-11,"WP159",1810,-22.77086111,-45.53102778
"191",-0.202764849346674,0.166886290977045,-0.0140966098380496,-0.064486731832626,-0.523122337130144,-0.12681570871601,0.106102527550985,-0.111116658185833,0.0295237762968313,2,1.01892020799893e-06,0.999992780455355,3.34878417938437e-11,5.03726580467233e-06,9.08444001393842e-24,9.21108148329538e-20,7.79250953184052e-21,1.16332514477297e-06,"WP163",1556,-22.60888889,-45.55916667
"192",0.132791272861835,0.222775765919111,0.108107152818292,0.0619343713707979,-0.0663518465960826,-0.145246089351374,-0.162219784135715,0.0010468031227472,0.0925551852462503,4,0.266064245747221,0.00167756780519213,7.83428074329096e-15,0.732247066536821,1.55778740922682e-21,6.57279358254966e-30,5.77852718899561e-12,1.11199049799147e-05,"WP166",2202,-22.48419444,-45.08144444
"193",0.666867336252974,0.169450570636031,0.132178528517338,0.089247880832151,-0.115771774679944,-0.141942153487853,-0.105903467081117,-0.0976178132370397,-0.200699682014167,1,0.998785869568789,5.75286188257928e-17,1.6244673149622e-27,0.00121411824126151,6.98218142533023e-19,1.68924745519977e-61,7.44712118119774e-17,1.21899489139785e-08,"WP167",2205,-22.48416667,-45.08138889
"194",0.667458084276563,0.234842632698663,0.113786372590264,-0.0785891509726086,-0.0729858803545063,-0.0411362838388495,-0.050617113246243,-0.160051939856637,-0.0964726657695648,1,0.9998097508794,1.6465213442937e-15,5.85368683533894e-28,0.000190247422249363,1.44974385790476e-21,4.11852593322538e-61,2.18908207880807e-14,1.69832671548786e-09,"WP168",2216,-22.48458333,-45.08336111
"195",-0.342067783470411,0.0732701170734976,-0.0199829584080679,-0.0876558714534393,-0.411467994416309,-0.169762863642891,-0.00546092147719326,-0.195356656369027,0.193675424029248,2,1.92377922047664e-08,0.999995225912058,7.62567459800876e-08,2.88687525073143e-06,2.02389150264128e-24,1.32046779587833e-14,7.9592022421568e-20,1.79171813971558e-06,"WP169",2194,-22.48483333,-45.08205556
