"","MclustDR_Dir1","MclustDR_Dir2","MclustDR_Dir3","MclustDR_Dir4","MclustDR_Dir5","BestModel_Classification","BestModel_ProbAssign1","BestModel_ProbAssign2","BestModel_ProbAssign3","BestModel_ProbAssign4","BestModel_ProbAssign5","BestModel_ProbAssign6","BestModel_ProbAssign7","BestModel_ProbAssign8","SpecimenID","Elevation","Latitude","Longitude"
"1",0.478002271908225,0.580475174275515,-0.039350226037049,0.223235882762218,0.0112673972924162,1,0.999133738179796,1.01934040013549e-08,2.74602169159919e-05,2.70855275511959e-08,6.80222177460239e-37,1.5257583885651e-05,3.08217831731108e-09,0.000823503658292248,"APs.n.",50,-41.63333333,-73.55
"2",-0.342266429250008,-0.0469578765433497,-0.0889638423056329,-0.39113149786789,0.0850126265022351,2,1.63147313023558e-11,0.998364691770036,7.91107752115568e-05,0.000908127339069112,9.4825269036012e-27,3.13394791233473e-14,0.000647959027598033,1.11071739760202e-07,"AS2882",800,-42.86055556,-71.58138889
"3",0.213741138624217,-0.224819269441919,0.0499116579391435,0.0968915999933801,-0.131480314444105,3,1.21161699488872e-05,0.000591213436161939,0.824920997630607,6.21042619806406e-05,7.33991086027606e-41,6.53137105900816e-05,0.174347518499038,7.36291673323304e-07,"AS3469",550,-42.74722222,-72.00222222
"4",-0.106803295265723,-0.249647101793227,-0.154686488083313,-0.433742684655842,0.0850021167344851,2,2.75138949595382e-10,0.991945097707207,0.00575187378709897,1.49167120358467e-05,3.26474258550634e-27,1.7562348468238e-10,0.00228810951377249,1.82912278286396e-09,"BH5892",300,-41.13333333,-72.51666667
"5",0.477569389899562,1.00374769782327,-0.160403443276568,0.284763766785055,0.0870395547874213,1,0.999208815855131,3.28298699152279e-12,3.90386922385029e-09,6.22032251712151e-11,5.21748153672772e-32,9.72578604601841e-10,6.69610057363848e-15,0.000791179202927876,"Bs.n.",50,-40.25972222,-73.08333333
"6",-0.603282936945085,0.511485028743313,-0.0413039905126466,0.0412776794631147,0.194754831257983,4,2.56130840904735e-10,0.00194660547371641,2.73611390867412e-07,0.992456189324364,6.49479991062322e-25,9.0618470986221e-20,2.72994050383708e-06,0.00559420139389343,"Bs.n.",140,-32.53333333,-71.45
"7",-0.566195635784824,0.146492876678562,-0.151755696840761,-0.494182178725958,-0.164788911434122,2,1.43206015991234e-13,0.999586394898209,2.53008975618123e-07,0.00040745913365301,3.91914050968706e-22,2.37431232706655e-19,5.61047133418358e-06,2.8248768553489e-07,"CC2",10,-41.39527778,-73.83333333
"8",0.0489143814447038,-0.35175045227394,-0.342064912829243,0.246260141164217,0.00834126920028566,3,4.81969329952411e-09,2.8650991274121e-06,0.99985619445147,3.53802931236047e-07,3.17965964416797e-27,2.04298802242263e-11,0.0001405817732472,3.31007207300762e-11,"CE10571",1050,-40.75,-72.15
"9",0.305057143557019,-0.11582989285468,-0.309897531500411,0.160320172855854,0.0247786079158313,3,6.93206790630022e-05,4.7926957305747e-06,0.99990969264139,6.24253469998535e-08,6.05360140228737e-28,4.48530264909891e-07,1.56771006476149e-05,5.92755739984894e-09,"CE10626",600,-43.41666667,-73.35944444
"10",0.169896700871079,-0.191994978434598,0.0022156487488775,0.0262675705502451,0.248321068239072,3,1.0876876471956e-05,0.00365925941862836,0.914306711010358,0.000348129568925694,1.61436141787694e-36,4.08043438556838e-05,0.0816336632741926,5.55507567287899e-07,"CHsn",450,-46.79722222,-74.06777778
"11",-0.426683921310289,0.0704441956702464,0.359693417281958,0.224481640051012,0.134990470496706,4,4.59142570211045e-12,3.65323133820228e-05,1.0943627745913e-06,0.977865053602632,3.24314558762784e-47,4.54041691591636e-15,0.0220509313714642,4.63883451518097e-05,"CJ1847",100,-38.86666667,-73.29972222
"12",0.743837754876443,0.819017733098215,0.028275487822138,0.245029513373361,-0.0254090237165475,1,0.999970686430856,1.40123834905942e-13,1.49018130818772e-09,3.2969382029568e-13,2.7839414371379e-44,1.63618609836104e-05,2.53316371961064e-14,1.29502174835976e-05,"CJ1848",100,-38.86666667,-73.29972222
"13",0.570220394480393,0.665753438417444,-0.0733709301121207,0.342157425040551,-0.230479657859044,1,0.999862749233074,2.06647587921049e-11,1.34135131229458e-06,1.17218836106794e-10,7.62306502968334e-39,1.31684955076964e-06,1.85803149693625e-11,0.000134592409598444,"CJ5993",300,-37.95,-73.33333333
"14",-0.18197148667619,-0.657208896392276,0.103755332205391,-0.0635578097722224,0.245916476363782,7,2.08464762413139e-14,0.0011111691398299,0.00679910522924797,0.000117569815444489,1.3638367164434e-42,3.14633503666427e-11,0.991972155782102,1.89114125651448e-12,"CT10396",300,-37.66666667,-73
"15",-0.0625534324846869,0.679095353846434,-0.112397714938111,-0.240606443026505,0.0869541731163073,8,0.00606289262231509,0.134335437017048,3.87982595609405e-05,0.00376944048787601,1.23190309807941e-22,2.68101579529362e-10,8.18227616382415e-07,0.855792613117482,"CT11000",900,-35.84777778,-71.25
"16",-0.403443127662593,0.14260927600243,0.177806975493332,-0.396726884419131,0.00512093746745293,2,1.99494240155804e-11,0.968600613058891,6.07249654757995e-07,0.0293384581145136,1.12765652186339e-35,4.30273220915372e-14,0.0020201356158029,4.01859411457439e-05,"EK1038",51,-39.39583333,-73.22111111
"17",0.757700777587481,0.768881861282196,-0.126127945218262,0.128560987268294,-0.140117965292962,1,0.99999122201087,9.39954763181963e-13,7.49114514053468e-09,2.80323632228421e-14,3.35493674790814e-38,7.20387961127699e-06,7.9578578651024e-15,1.56661739773616e-06,"EK2349",520,-38.36666667,-72
"18",-0.344313919293653,0.434238764725654,0.190779132514856,0.212805364302558,0.172875079058018,4,4.2957653467625e-08,8.72533173974747e-05,1.91317794705485e-06,0.967671068007125,1.12490150699143e-37,1.65048077440318e-14,0.000150646049860137,0.0320890764900004,"EK5372",20,-31.87583333,-71.48333333
"19",1.30439242802162,0.0439428801067802,0.245084716306526,-0.0204786761811004,0.181794620968216,6,1.29735448865208e-07,1.50361765079413e-19,4.59412739903842e-13,2.09043258935998e-23,8.08952447780178e-68,0.999999870264092,7.024991517968e-17,3.10956581204594e-18,"EPIII64",1200,-37.3,-71.95
"20",0.0983291236787458,-0.143650090649148,-0.160853359444343,0.232698257086834,-0.165052958066486,3,3.85500351911222e-06,5.33252047046976e-05,0.996717839558353,2.78414141217216e-05,2.66435997212856e-32,1.12968849205842e-08,0.00319684254478909,2.84977627693558e-07,"EW1264",1300,-38.7,-71.71666667
"21",0.0826893355929014,-0.538523086875446,-0.210410176605833,0.0995863498232306,0.194673571128759,3,2.85771137138561e-10,2.83213641955436e-05,0.995613159632266,5.24925511923248e-07,1.39880990781006e-32,2.19738103502686e-09,0.0043579915930469,1.82790631426438e-12,"EW1305",2100,-36.9,-71.56666667
"22",-0.172045154901422,-0.0171259062900781,0.0147849891575731,-0.351609931822411,-0.00908326619536062,2,4.12255004476815e-09,0.992729638980833,0.000443113678575503,0.00116763507727576,6.10710262841378e-32,1.28129593457062e-10,0.00565671601058683,2.89200204909144e-06,"EW336",150,-39.68333333,-72.35
"23",-0.318057206408013,0.0602311917768807,0.189046758218016,0.284715438560983,0.0487356553726105,4,2.28985324224466e-09,0.000192141722609044,0.000404744138479287,0.939298694498052,9.51989913625123e-41,3.27253524785078e-13,0.0598596175022521,0.000244799848426753,"EW361",190,-39.68333333,-72.35
"24",0.11395532756279,-0.163037040937908,-0.139729126217373,0.0517175203422949,0.08019882707835,3,4.37583889925191e-06,0.00160127546209738,0.99130426150015,6.22856444738509e-05,3.37992757269004e-31,2.52603129132653e-07,0.00702734657228845,2.02378961724331e-07,"EW667",1200,-41.75472222,-72.40111111
"25",-0.158774673573393,0.129253421037082,-0.0829768709293701,-0.159741909913671,0.0941749574800316,2,2.31452616771534e-06,0.939150406627441,0.0184268708756972,0.0353442572515529,1.11765955974368e-26,3.69846314829164e-10,0.00666061093727145,0.000415539412023402,"EWs.n.",60,-41.2,-72.55
"26",0.0875261998180475,-0.508890095970439,-0.25169534472072,-0.116614952146705,-0.227714051885139,3,8.15620860240467e-10,0.00163107827058966,0.992439469168005,1.00129405145413e-07,2.68083148738461e-30,3.97334456227475e-09,0.00592934763377325,9.26179620859199e-12,"F15998",1200,-39.38333333,-71.98333333
"27",-0.730468200991961,0.795908611072368,-1.14699481117803,-0.340997995526522,0.165117551350933,5,1.28765510169742e-33,7.83364061809334e-26,4.86285952725828e-30,5.0352224967848e-30,1,1.88004587760406e-52,1.16102893954773e-38,2.10576358060698e-30,"FZ103",204,-41.13638889,-72.39916667
"28",-0.126372556379468,-0.180035561666041,0.0293664524900189,-0.494196680304163,-0.0401450732563566,2,8.70068376483737e-11,0.995262615946081,0.000140979679412182,3.03819594354902e-05,3.32805552346954e-34,3.08349791108e-10,0.00456600520717028,1.68125444927525e-08,"FZ106",62,-41.22638889,-72.63833333
"29",-0.453703757881966,-0.136837831044194,-0.167960418558634,-0.46828180873887,0.614287428448286,2,5.18443050551864e-14,0.999028098378525,1.80045326422657e-05,0.000878526503772149,4.57445500072162e-22,2.30167003049149e-16,7.53701661187838e-05,4.18890051466639e-10,"FZ107",201,-39.49555556,-72.15416667
"30",-0.47961448068044,-0.577006504663664,0.0825438412864961,0.0359288069136966,0.149272535341029,7,1.64698467995621e-16,0.00141642299921373,0.00093593116515948,0.00804636819584287,1.85038993866584e-39,3.39770454665387e-16,0.989601277625213,1.45706760674561e-11,"FZ119",954,-33.72916667,-70.47055556
"31",0.129403301873409,-0.138162957664925,-0.0297070382510695,0.187171097088129,0.0655983550949397,3,1.4485661527188e-05,0.000302917762402589,0.963368547878716,0.0004081932560653,3.45111323739128e-36,1.27714282014698e-06,0.0359027062804591,1.8720180101256e-06,"FZ331",2033,-33.30055556,-70.31805556
"32",0.298880362908883,-0.0218824848149649,0.0670209790616193,0.11896918380665,-0.10370461377421,3,0.00541745370304674,0.000786915258043332,0.929581643815017,0.000193144818768224,3.04831034571684e-40,0.0029945158140944,0.0609022093225401,0.000124117268490192,"FZ332",2033,-33.30055556,-70.31805556
"33",0.13161182013417,0.0283428815949416,-0.226560254183252,0.305423693636411,0.0219446236306772,3,0.000182596323812666,1.61232427252896e-05,0.999545898663481,4.93585951013294e-05,1.72934679332591e-28,1.25143518742261e-08,0.00020251269303488,3.49796749260316e-06,"FZ334",2034,-33.30055556,-70.31808333
"34",0.254970656455966,-0.219556219147638,-0.0953854695596174,0.242658423186384,-0.197534964665669,3,1.0241062656725e-05,6.31632813767689e-06,0.996481942180434,1.47360190925896e-06,1.7848214505287e-37,2.05218421344896e-06,0.00349793571963387,3.89230146055384e-08,"FZ337",2005,-33.29666667,-70.31502778
"35",0.0635511461300938,-0.850771415270154,-0.121725811447425,0.356254001781822,-0.0828508954270884,3,1.91551449856923e-13,4.99458492138497e-08,0.957102914740382,3.51772429514059e-08,5.47816114322782e-42,6.90331669562383e-11,0.0428970000672986,2.21042697620917e-15,"FZ338",1980,-33.29638889,-70.31444444
"36",-0.565856731423516,0.443137226891897,0.0819381161456662,0.240767149361502,0.308312606162702,4,5.0141690530387e-11,1.7379493703577e-05,1.0487141807331e-07,0.998888132685791,3.15361857802472e-32,1.8641772077462e-19,5.154658624754e-06,0.00108922824032051,"FZ359",399,-37.63666667,-72.78555556
"37",-0.334079306944296,-0.0608050496242133,0.0779735316740977,-0.0253689877420202,0.192675735088663,4,7.74130636479915e-10,0.122437255813297,0.00334247534217162,0.665253704976764,4.96269250128458e-34,2.17098017295273e-12,0.208947922062304,1.86410291622919e-05,"FZ360",375,-37.64833333,-72.75972222
"38",1.16814608604496,-0.0854786648644668,-0.0579671680191689,-0.0120284819571875,-0.265660117590862,6,3.68637341760251e-05,3.46772066979456e-15,1.00392415874638e-07,1.17859252648699e-20,5.14809127909191e-53,0.999963035873217,1.86472826156349e-13,6.09516164750195e-16,"FZ362",773,-37.76861111,-72.80083333
"39",1.07076654730958,-0.13831169716765,-0.105818346847366,0.121741748187582,-0.108344741773901,6,0.000219895498497222,5.55408425471306e-14,1.53874338875022e-05,4.07649843989142e-18,3.06779991170812e-49,0.999764717052468,1.5082459578157e-11,9.17389984875455e-15,"FZ363",773,-37.78527778,-72.8175
"40",-0.000895638006330246,0.0826039576431775,0.0171126927393254,-0.038216779559441,0.171624492310349,2,0.000221097167626615,0.388424005029073,0.343015738051684,0.11721288648129,4.21127189276068e-32,1.39062701298145e-06,0.148667208599036,0.00245767404427776,"FZ366",774,-37.60166667,-72.80083333
"41",0.923021701050632,-0.130520351141545,-0.0731046577838099,0.0864509853365,-0.00213055452178196,6,0.000555200935971085,1.60986056900439e-11,0.00023740863179579,3.82905288298668e-15,8.71860695512391e-47,0.999207388366527,2.04874573968967e-09,8.58286205906103e-13,"FZ367",775,-37.60194444,-72.80097222
"42",0.86056062037052,-0.0854407202386293,-0.0394248787796983,0.20285896366035,-0.100651088323883,6,0.00512904744743028,5.59231603739464e-11,0.00190620134403086,2.32807484765967e-13,4.09951550492221e-47,0.992964711407363,3.96804505809356e-08,6.45690305088651e-11,"FZ368",775,-37.60208333,-72.80108333
"43",-0.310189778370281,-0.298523433451664,-0.00616116316468215,0.206715718216148,0.0587499267607338,7,6.63140219423487e-11,0.00236001293768129,0.11064251344077,0.0876732167524338,8.19945425627763e-35,4.32079840679886e-13,0.799324130380478,1.26421890649689e-07,"FZ379",984,-37.81,-73.05666667
"44",0.567802831837787,0.515924052827293,-0.0932292919130685,-0.339008982581002,-0.0302405756631203,1,0.994588238865492,4.57671594254681e-05,1.60287431059408e-05,6.51128670348107e-10,2.13410466858751e-32,0.00526705143216455,2.65439507609264e-09,8.29104942880869e-05,"FZ383",707,-37.81305556,-73.13722222
"45",0.764065911495619,0.619810969326058,-0.250566592490908,-0.248956048061658,-0.0870907074734961,1,0.999662267720298,4.57615805084075e-09,2.31600134602234e-07,2.11227249535495e-14,1.01911477677651e-30,0.000337288977080778,9.77693421509405e-14,2.07126209542436e-07,"FZ384",706,-37.81277778,-73.1375
"46",0.899682289019454,0.739140129932775,-0.229459890199805,-0.363006573491586,0.0473778504055937,1,0.998803741740357,1.49189955050422e-10,1.50586684119511e-09,8.82279355708474e-17,1.53074605872891e-32,0.00119623918831364,2.50511604513184e-16,1.74162723469251e-08,"FZ385",707,-37.81305556,-73.14069444
"47",0.366070209572506,0.647977183455027,-0.0794947857583453,-0.0498320012921819,-0.10675315556406,1,0.986222460008053,8.76824880853829e-06,2.29589803656533e-05,2.05737480729165e-07,1.4857432497739e-31,3.92643665718889e-06,9.0725778602347e-09,0.0137416715160567,"FZ387",702,-37.80722222,-73.15388889
"48",0.362354638252372,0.626448778256974,0.000469007265075582,-0.00217001438404212,-0.0128116708740677,1,0.970788256582311,7.7489233637276e-06,2.7454131006688e-05,1.23077418200762e-06,1.26528900760536e-34,1.71082988053898e-05,5.09787606110855e-08,0.0291581503115708,"FZ389",132,-37.68138889,-73.28888889
"49",0.203435019229252,0.64354581463897,0.0616514152466554,-0.0253616239503331,0.0484968045686571,8,0.302251834821473,0.000286073602027867,4.22057957011056e-05,0.000239448955028443,3.50078029066991e-34,1.99964468477184e-06,1.40392544745973e-06,0.697177033255637,"FZ390",132,-37.68152778,-73.28902778
"50",-0.643574799570471,-0.0573018566206538,0.278298588620041,0.0826408668944909,0.160302922896347,4,1.52037515300938e-15,0.000336795851601566,2.21474794937423e-07,0.983735488202622,1.16669638794553e-42,7.81824096728601e-19,0.0159270022739482,4.92197031905791e-07,"FZ392",1472,-36.91805556,-71.42805556
"51",-0.499683736624038,-0.609245510985528,0.194246915882419,0.138212148619533,0.242658107502686,7,9.93544611742751e-18,5.95998121111707e-05,0.000101932053977922,0.00940960706018997,4.40693099815245e-45,9.55182865974979e-17,0.990428861070012,3.70921080096806e-12,"FZ394",1662,-36.9075,-71.41138889
"52",-0.580547372951769,-0.304134189635389,0.216778427745717,0.103734249242464,0.262323105443955,4,8.60498178251058e-16,0.000868854096733897,2.21221967083112e-05,0.631676106767837,7.62008570910414e-42,2.91762396961395e-17,0.367432907884959,9.05376062726781e-09,"FZ395",1662,-36.9075,-71.41138889
"53",0.222952366203102,-0.457389340220287,-0.196417191917702,0.0151246824952047,0.24693020175387,3,1.84588316576134e-08,5.28645054703145e-05,0.998409692388603,1.29026106352271e-07,6.12621996010011e-33,5.89627987739721e-07,0.00153670598497454,8.02630643922827e-12,"FZ400",1912,-36.90527778,-71.40333333
"54",0.154707094992407,-0.696306880992467,-0.296662849412621,0.137267747236009,0.311548681219806,3,1.19833745837168e-11,7.2850959463896e-07,0.999614976214254,5.08842649724413e-09,4.30855894398763e-32,8.7572550894201e-10,0.000384289300014468,2.02654081790691e-15,"FZ401",1914,-36.90527778,-71.40361111
"55",-0.285314813096349,-0.231694477674878,-0.0475614527004316,-0.122222246551561,0.118860723553085,2,2.79501777200108e-10,0.577835098616185,0.0511501546066709,0.0401717670191706,2.75394211506413e-30,6.69693029219921e-12,0.330842684108574,2.95363201197588e-07,"FZ406",803,-37.39333333,-71.46277778
"56",0.0474254616716895,-0.798027947009152,-0.14618431912786,0.131436077874707,0.0236144510812559,3,6.13623332262187e-13,5.95570297010017e-06,0.946038305521629,9.75925155654277e-08,3.81354272882244e-38,3.92897420354571e-10,0.0539556407893649,9.47372091768874e-15,"FZ416",1256,-37.37805556,-71.36222222
"57",-0.00810523669845052,-0.653836115653722,-0.160112256028618,0.00722478060364753,0.0191999046281098,3,8.2489694660943e-12,0.000352864151916449,0.92607920987021,1.36119761086375e-06,2.24873148610127e-34,4.55789324636018e-10,0.073566564315453,7.71728528705297e-13,"FZ422",1259,-37.37805556,-71.36222222
"58",-0.0958956182309913,-0.674391487721103,-0.0959418251851657,0.046382152641205,-0.164832242760524,3,1.18168711972182e-12,0.000457386078618987,0.535272832682446,6.92430651127754e-06,5.69101428187766e-37,3.94681961119051e-11,0.464262856889443,2.33053730183153e-12,"FZ424",1255,-37.37805556,-71.36222222
"59",-0.064153142306772,-0.217230154555892,-0.142664204005053,-0.395681891014061,-0.122441676123877,2,2.96859970739409e-09,0.980855502423116,0.0142990523551868,1.43255925839424e-05,2.55587465728682e-28,9.7413315517545e-10,0.00483110111184962,1.45745307281746e-08,"FZ425",798,-38.53947222,-71.67588889
"60",-0.131179776350759,-0.534215071258323,0.1621725494843,0.0812755859239168,0.0889788925815401,7,8.52799853800333e-13,0.000144192395318161,0.00661016520086297,0.000275625593983013,1.41409977634003e-45,1.54666976053347e-10,0.992970016555239,9.90770045858367e-11,"FZ426",798,-38.53944444,-71.67583333
"61",-0.332316006251622,-0.291524716008693,0.241306202620229,0.119513144088379,0.0799986937032712,7,8.81270225882567e-13,0.00059694267390325,0.000345938287412629,0.0637181688909999,5.96050802334581e-45,4.67980672011341e-13,0.935338881521127,6.86252078716012e-08,"FZ427",798,-38.53944444,-71.67583333
"62",-0.80921890916528,0.0210716394006704,0.0763828357419832,0.0849775633079718,0.303979049050729,4,9.4457406367817e-17,0.00029832447603879,9.50060086751639e-08,0.999413291900137,1.17104336459681e-32,7.86101226131816e-23,0.000288185384966785,1.0323284825126e-07,"FZ428",1091,-38.57916667,-71.6275
"63",1.168647109497,-0.246293813607951,0.276727723042349,-0.0448541910862107,0.00055187396504558,6,3.6378888304927e-09,2.5972679842649e-17,5.6632040332227e-11,1.50646360356486e-21,7.58129751599033e-69,0.999999996305272,2.07233253131448e-13,1.2985860154741e-18,"FZ431",1055,-38.57694444,-71.62888889
"64",1.06004795617232,-0.287458452996581,0.332225022006099,-0.17338305248095,0.126749015872806,6,7.30265639834363e-10,2.52093699475141e-15,8.92332827230609e-11,6.65234453917015e-20,2.36578774748918e-68,0.999999999175288,5.21046353752922e-12,4.62727301703346e-18,"FZ432",1070,-38.5775,-71.62583333
"65",0.874086328874615,-0.332099517818708,0.189718774351025,-0.0455806716740923,0.052870288948432,6,1.25807057300716e-07,8.75514929960514e-12,1.94464303337355e-06,1.73858762638211e-15,1.36753517607504e-58,0.999997905650625,2.38905203445662e-08,7.49965241772044e-15,"FZ433",1070,-38.5775,-71.62597222
"66",1.19184669182913,-0.129266472694461,0.221102956659396,-0.0876997170060947,0.25508278431932,6,1.89505250894519e-08,2.25530764493601e-17,2.02849271852063e-11,1.04142441114094e-21,3.65488268908836e-65,0.999999981029179,1.10397589875635e-14,1.97869595830216e-18,"FZ434",1100,-38.57722222,-71.62555556
"67",1.10728746345361,0.0261219865814738,0.144554562964783,-0.23739993622708,0.117203241171771,6,1.23052018965642e-06,1.46721109961575e-14,1.50557454017034e-10,4.59995487869116e-20,5.10983177224774e-58,0.999998769329189,4.84967983083313e-14,9.58292566504847e-16,"FZ435",1121,-38.57722222,-71.62361111
"68",0.686318637787322,0.139635929482593,0.139280458195322,-0.259106168199552,-0.0284282307277856,6,0.00252612100421269,8.02008780309156e-07,1.13784804672594e-05,4.17391207471327e-11,4.96045618443379e-47,0.997461444532041,1.98919466256218e-07,5.50132930257812e-08,"FZ436",1149,-38.5775,-71.62277778
"69",0.645886283078326,0.139073025728829,0.152417375888466,-0.36167283579681,0.0852119160805887,6,0.00109977692523404,7.38367324367182e-06,7.41725660644468e-06,1.25853873140414e-10,5.13074548124046e-46,0.998885019635621,3.39947645546888e-07,6.24357956458936e-08,"FZ437",1149,-38.5775,-71.62291667
"70",0.592105264167616,-0.0500372943406975,0.199592572015285,-0.077862562835104,-0.0820122074954463,6,0.000576724287920525,2.17349371285337e-06,0.000774935255575244,4.82617351726294e-09,4.91851028165435e-50,0.998530930102371,0.000115134512953977,9.75212923346433e-08,"FZ438",1164,-38.57777778,-71.62277778
"71",-0.157871224757844,-0.478764711656205,0.13614182262264,0.185031384596908,-0.0240021586957999,7,3.18699944452301e-12,6.50900115372126e-05,0.013769881033403,0.000724499868888264,1.29763933892168e-44,3.29793927724285e-11,0.985440528364205,6.85799889837089e-10,"FZ439",1165,-38.57777778,-71.62277778
"72",-0.307743936968021,-0.357033280949289,0.12601602509821,0.0722766827547229,-0.221124237738416,7,1.41207378792872e-12,0.00188242739400252,0.00280801711642404,0.00649019414092764,1.75104363753472e-41,3.31128848944697e-13,0.988819339527329,2.1819573386377e-08,"FZ440",1166,-38.57777778,-71.62305556
"73",0.0127983895821443,-0.44784336754548,0.0972211752001742,-0.255873245276639,-0.0955125282716177,7,2.95348355624865e-10,0.0786329418262986,0.0279311770326292,3.78197800506292e-05,4.3363933340146e-41,2.48747006887927e-07,0.893397810612468,1.70619810270817e-09,"FZ441",1130,-38.57777778,-71.6225
"74",-0.20082867294935,-0.276090860250318,-0.0786823282165716,-0.0447211011247061,-0.227219611116656,7,1.78448537720503e-09,0.141164345339571,0.308564041759969,0.0044200629907675,1.42748240476938e-31,3.59160940029377e-11,0.545851256197375,2.918919166266e-07,"FZ442",1130,-38.57805556,-71.6225
"75",-0.477191274576236,-0.309887172827748,0.0328667698049947,0.191863205832233,-0.26460780599216,7,3.52800100456102e-13,0.00202354503090668,0.00626632651543677,0.103369287854415,1.82081795596416e-36,3.10122699326008e-16,0.888340750224062,9.03748265146678e-08,"FZ443",1130,-38.57791667,-71.6225
"76",-0.267925940346746,-0.329638230565178,-0.0475930629287749,0.00831291577173886,-0.209257236628683,7,8.81619945406339e-11,0.0440743403828851,0.130257944912727,0.00719593464063952,2.96611693051783e-33,2.1676566421276e-12,0.818471708233326,7.17400926824207e-08,"FZ444",1130,-38.57805556,-71.62222222
"77",-0.0978118309658163,-0.266834109769607,-0.0684962635350968,0.0503561931168227,-0.137367611862451,3,1.91974007113914e-08,0.0148248821791604,0.664953238810953,0.00189105773145932,3.17362723722966e-33,8.40682721355201e-10,0.318330530186785,2.71053558228343e-07,"FZ445",1130,-38.57805556,-71.62222222
"78",0.10943576302141,-0.308428792886997,-0.0228922339292087,0.0338755399778351,-0.369692505879605,3,2.86080002032771e-07,0.00200901297110868,0.791559005288147,2.36646818034542e-05,3.33367978097703e-38,4.82313661470363e-07,0.2064074577285,9.09367774251848e-08,"FZ446",1140,-38.57777778,-71.6225
"79",-0.228522190883281,-0.0483674550227609,-0.131447329629347,-0.207948896839882,-0.170073192751648,2,1.21297099248951e-08,0.966660507699896,0.0178526726121067,0.0032571006855602,1.55792294763883e-26,5.97828884575135e-12,0.0122246660609046,5.0408058441189e-06,"FZ447",1150,-38.57805556,-71.62263889
"80",0.652557195576303,-0.2129226076113,0.0378888579770287,-0.287525848148083,-0.0462907510474581,6,3.64600799165551e-05,7.96270537316119e-06,0.00154368007485678,2.58010416511986e-11,1.14543212949874e-44,0.99839899888193,1.28981095792571e-05,1.22543484558776e-10,"FZ448",1156,-38.57777778,-71.62222222
"81",0.543301375406725,-0.188416260751618,0.131172908515037,-0.11203388886971,0.0791174693400895,6,0.000145726140581699,2.75445859527975e-05,0.0146880901430618,2.2777951448442e-08,1.5325266401956e-46,0.984017539977771,0.00112106294685145,1.34278297423001e-08,"FZ449",1156,-38.57777778,-71.62236111
"82",0.821251558337834,-0.0344300369264641,0.0723128868344543,-0.346952442422339,0.0253915184871041,6,2.78442080956863e-05,1.22637961890466e-08,1.19307043043395e-06,1.30310783212069e-14,2.93818481971204e-48,0.999970947683073,2.76860040675196e-09,5.99115895680768e-12,"FZ450",1156,-38.57791667,-71.62222222
"83",0.420708963676333,0.042794773760633,0.0166631130099327,-0.149460614405584,0.00739518861501046,3,0.0890740088517256,0.0177679582684987,0.496308599616316,1.27574527261743e-05,7.60290160399653e-37,0.389916964382307,0.00682544048328943,9.427094513675e-05,"FZ451",1156,-38.57777778,-71.6225
"84",0.369270884648032,-0.175684798928659,0.115242943752748,0.0491631577996885,0.0355667624982995,3,0.000558824097318031,0.000545742566705046,0.80658473627334,2.78218054728569e-05,1.50801689872036e-43,0.0611658406202341,0.131114938625824,2.09601110588066e-06,"FZ452",1156,-38.57777778,-71.62263889
"85",1.04628232357088,-0.370057774575175,0.175167421525719,-0.113750655146161,0.0969766469160973,6,4.70411906716869e-09,1.66411229679135e-14,1.31400454367913e-08,2.0752913295015e-19,5.66402076735893e-62,0.999999982126332,2.94866426191047e-11,3.99187471707821e-18,"FZ453",1114,-38.57722222,-71.62333333
"86",-0.390708588613212,-0.175894961352541,0.101761749213058,0.304042228731734,0.0356000913265612,4,2.44314526704066e-11,0.000304245379894351,0.0050042402778947,0.576714451293047,1.47930335977122e-38,1.67822304600041e-14,0.417975316180553,1.74684416232019e-06,"FZ456",1056,-38.28666667,-71.77222222
"87",-0.283139048781429,-0.437625912307453,0.14768868151755,-0.025719613691242,-0.166954431059244,7,1.94089664605179e-13,0.00291483775368268,0.00128884576707731,0.00139833362348061,8.59809737475574e-43,9.19896420842081e-13,0.994397981228635,1.62601009236508e-09,"FZ457",1068,-38.25333333,-71.74861111
"88",-0.610647649673488,0.157187850490528,0.176881407853834,-0.0972556645633475,-0.0256154588973262,4,4.63383876401989e-13,0.0249428186106977,3.71547190395484e-07,0.972094476931454,7.0318121953616e-36,4.41446537647636e-18,0.00287985231281182,8.24805973825322e-05,"FZ464",1328,-35.46611111,-70.97722222
"89",-0.708387492035382,0.0916718112268552,0.120091394436373,0.0197702728795198,-0.0694122832985554,4,1.62028345346016e-14,0.00352194350551604,4.24786062372523e-07,0.994461046264251,1.62826083217548e-34,1.89856064495389e-20,0.00200705529922138,9.53014493346084e-06,"FZ466",1328,-35.46611111,-70.97725
"90",-0.823326589160232,0.284238280660502,-0.0502381230360987,-0.0498283488987311,0.324844223378012,4,6.23052362191719e-15,0.00360092528275965,3.10201039284109e-08,0.996387686017876,2.31388708427086e-24,1.76319714908918e-23,5.34174830452649e-06,6.01593094957041e-06,"FZ467",1329,-35.46583333,-70.97722222
"91",-0.550789802599363,-0.00581971566281028,0.0593761727797257,0.054231689937815,-0.203418468331813,4,4.58182092136953e-12,0.0241213583357256,0.000155416099864504,0.920749225860226,2.03344807698827e-33,4.35315103886048e-17,0.0549438499556885,3.01497439136298e-05,"FZ470",1312,-35.46916667,-70.97222222
"92",-0.423560770294764,0.0703515425829419,-0.0674716680716307,-0.153914530576133,0.379207967033248,2,3.62282541494416e-10,0.572432942727562,0.000596838701040371,0.423472958124339,1.75476412425652e-25,1.40744969441525e-14,0.00348328291547521,1.39771692862394e-05,"FZ475",1605,-35.60444444,-71.03888889
"93",-0.677807251559758,0.166266742831672,0.101082876113169,0.000776330217121909,0.118872653058359,4,7.49152411735753e-14,0.00309362868900734,2.61856227564533e-07,0.996467694161003,7.50181383767412e-33,4.90171254401532e-20,0.000422118606651688,1.62966870360687e-05,"FZ477",1661,-35.59666667,-71.0175
"94",-0.695177684557428,-0.0193236813477212,0.0600435805561823,0.0737369611882647,-0.0250134531044691,4,1.33424728614293e-14,0.00349527489076367,5.87844697624553e-06,0.989581743132769,5.83607433029636e-33,3.46770999132243e-20,0.00691559986163481,1.50366784253491e-06,"FZ478",1660,-35.59666667,-71.0175
"95",-0.105322259822556,-0.504753820923587,0.0887532427248854,0.0759578196915403,0.243753110642553,7,1.18221480471343e-11,0.000555501390237046,0.0516426389884738,0.000710834894029764,1.51242862019184e-41,8.35453765587421e-10,0.947091023630105,2.49878248485402e-10,"FZ479",1913,-35.59972222,-71.01166667
"96",-0.202522980237937,-0.50070225954466,0.111798402439141,0.439507398429816,0.264809101121861,7,1.837525272683e-12,1.89230470259781e-06,0.0516819832997931,0.00628691564259546,3.60557565665007e-44,2.81364034655517e-12,0.942029208437796,3.10462138175293e-10,"FZ489",1921,-35.59944444,-71.01
"97",-0.641941444004268,0.253634824477854,0.0235767965690535,0.34041886683968,0.0460901258725356,4,2.0230973893115e-12,1.33862858661127e-05,1.55209863168358e-06,0.999829715952699,7.66900789861824e-32,6.77500784452688e-21,7.13038172038725e-05,8.40418435767098e-05,"FZ491",438,-35.65194444,-71.25138889
"98",-0.34070411786883,-0.0228921486618587,-0.0532567628297248,0.160584408710372,-0.0846802071123895,4,1.36840831912069e-08,0.0294321675815048,0.0738785392919473,0.730045112516855,6.28419833018697e-30,2.31726418783062e-13,0.16652217098387,0.000121995941508464,"FZ495",437,-35.64777778,-71.25527778
"99",-0.345406667547876,0.278019524331445,-0.00181743211347954,0.172106915214765,0.0971101086759548,4,1.25271684959479e-07,0.00302326180546668,0.000583231447270655,0.989554562830833,5.4736412601355e-30,3.55647620615421e-14,0.00138663008237291,0.00545218856233597,"FZ496",342,-35.92083333,-71.36777778
"100",-0.511926718261785,0.260877362644323,0.0753398476396654,0.146124604858683,0.149161176563149,4,8.78505232790524e-11,0.000583886000352301,4.47769838937425e-06,0.998702871061412,1.03441892047679e-32,2.00065849688416e-17,0.000328573951911768,0.000380191200084481,"FZ497",342,-35.92055556,-71.36777778
"101",-0.347800215771128,0.232460962092805,-0.0878846288809558,0.197882087123231,0.27395265200937,4,1.13657488322555e-07,0.00292552876896634,0.00292373361115887,0.99224553710442,2.08678677951831e-26,2.16601046356643e-14,0.000910203576777963,0.000994883281167257,"FZ499",266,-35.63638889,-71.48361111
"102",-0.101976348171393,-0.477718530634471,0.0321441245844077,0.0223176132488111,0.150088069706039,7,4.79488439367289e-11,0.00281426050145592,0.1315861289934,0.000613744186145231,1.05416817323663e-38,1.06488565347655e-09,0.864985864551025,6.55139164949886e-10,"FZ500",528,-36.60027778,-71.46916667
"103",0.0524150644176533,-0.559998834053296,0.365623798947861,0.0536901460600742,-0.0230935196721916,7,1.43623163699666e-12,7.35587805237031e-06,0.000353908324498695,9.28531627796959e-06,1.38106067578668e-56,1.10517438049692e-07,0.999629339922347,3.99496938728145e-11,"FZ510",725,-40.77027778,-72.27111111
"104",-0.0740997559485926,-0.185078329666921,0.19608839420227,-0.0771652731504982,-0.0949743915586695,7,1.00145466063084e-08,0.0288242041771308,0.00628001467015425,0.00600312476404018,8.69007864955473e-43,3.37856239556818e-08,0.958889181469212,3.43111929254691e-06,"FZ512",720,-40.77027778,-72.27138889
"105",0.0112843660739062,-0.0299257265795196,-0.0929714163768275,0.232674845799324,0.195888839880482,3,1.82533799130937e-05,0.000689212958961826,0.976770147922847,0.00694455122091804,2.39813780023735e-31,1.85984651033856e-08,0.0155604536551785,1.73622637165065e-05,"FZ518",1130,-40.77444444,-72.20027778
"106",0.095619579129993,-0.164428910730352,-0.246526934362627,0.267966392754508,-0.00073682119047197,3,1.21913962384442e-06,1.03991565119809e-05,0.999594451651782,7.19799816006674e-06,2.86659459370619e-29,1.39974017866252e-09,0.000386710073967767,2.05802141248539e-08,"FZ523",1276,-40.77805556,-72.18916667
"107",-0.123945141001379,-0.16922493661707,-0.0390407133489489,-0.186894546437649,-0.0484365900003604,2,2.62260569036642e-08,0.745868934867169,0.0818646997195216,0.00365511842925999,1.58378792110302e-31,2.09736246376969e-09,0.168609673030707,1.54562992290223e-06,"FZ527",592,-40.20777778,-73.4
"108",-0.00619508002076889,-0.474662251810741,0.263266120582708,0.21398509834686,-0.0846881919448188,7,2.09133455349524e-11,5.54270431894766e-06,0.00412836832913886,9.49986623406804e-05,8.71525462497897e-52,7.52430223339807e-09,0.995771081950634,8.08351597762827e-10,"FZ531",899,-40.17722222,-73.44083333
"109",0.0787067779235549,-0.626797344874362,0.319756205945639,0.306483319004982,-0.286632535622089,7,1.4539764483446e-12,8.41807946847017e-08,0.00206618154112328,2.04750999082172e-06,3.70375356659865e-58,1.54638668163726e-08,0.997931671290328,1.24421935815371e-11,"FZ532",900,-40.17722222,-73.44055556
"110",-0.524817239261162,0.468400289913966,-0.138055854473765,-0.451768593737427,-0.208010369986745,2,1.34823794100502e-10,0.997068071921976,7.70844131952791e-08,0.00245985483853984,1.66047456714625e-20,1.10384409690868e-18,5.41522374759438e-07,0.000471454497872803,"FZ533",35,-39.67555556,-73.35138889
"111",-0.0351634796246624,0.579515939371472,0.150749766501922,0.0236753101994992,-0.0725260282803965,8,0.000666500400472414,0.000671486383052796,8.6879681168699e-06,0.0111259479479505,9.88191156457658e-37,1.35357259967924e-09,2.45980973328579e-05,0.987502777849502,"FZ542",920,-33.72972222,-70.47083333
"112",0.154976114002096,1.02418237593493,0.0580941657491614,-0.0371913243867064,-0.367798534330788,8,0.013732668709716,1.45937245339458e-07,5.34556208175685e-10,1.76066819454793e-07,2.76365626774692e-35,2.3089016728267e-11,1.52290179149285e-11,0.986267008713345,"FZ543",920,-33.72944444,-70.47083333
"113",-0.343898885426332,0.734135809447468,0.222300434733192,0.134989941632368,-0.194457625957582,8,1.14798839373811e-07,8.907049641466e-06,3.24018727831154e-09,0.0334702347246103,1.14946285178362e-38,2.93168960706067e-16,4.47157940966817e-07,0.96652029302878,"FZ544",920,-33.73,-70.47111111
"114",-0.125419583917804,-0.0209120504382583,-0.0205922107815044,-0.493678367945585,-0.280357033110851,2,1.37080450542913e-09,0.999287970459396,6.93681268490441e-05,1.68381453308876e-05,1.06125229368543e-31,7.31617801458128e-11,0.000625397041139341,4.24783318890248e-07,"FZ97",27,-39.96472222,-73.56916667
"115",0.290490314952283,-0.448298099602252,-0.333067242938688,0.307598974926238,-0.212257512007965,3,1.99127478735691e-08,2.12971803150841e-08,0.999979180201626,4.61403763839666e-10,1.29738518860863e-32,3.95019306156154e-09,2.07741762070571e-05,6.41938157951327e-13,"GIII52",2300,-33.33333333,-70.25
"116",1.20942332795672,-0.064294276608854,0.102783686182965,-0.105789348767523,0.188823297208562,6,3.31956011826394e-07,7.94707059609626e-17,1.17290011257576e-10,7.60882353612249e-22,9.76136651088878e-60,0.999999667926694,3.89729446269799e-15,7.88830869053457e-18,"GM2701",1150,-38.54722222,-71.67722222
"117",0.503957237145431,-0.442714762381137,0.18809697613949,-0.0665337447585866,-0.0627004208918098,6,2.00309343394764e-06,2.94923981864299e-05,0.0911587869582456,3.00055290852489e-08,5.93621655358856e-51,0.836187529182959,0.0726221579391022,4.22543967563753e-10,"GS2237",1900,-38.86666667,-70.48333333
"118",0.152743460420171,-0.269632739494199,-0.244464558499588,0.0665597050211707,0.0179891660189715,3,3.64032781870914e-07,0.000123244572970146,0.999202878249292,8.88087084224694e-07,1.94029772136973e-29,3.01386515620104e-08,0.000672593566329973,1.3528897777022e-09,"GS2641",600,-50.86777778,-72.79527778
"119",0.31794323089566,-0.0608957276846999,-0.000400223261606485,-0.0618509562920255,-0.0505352157207511,3,0.0027179145665286,0.00881240509364974,0.956599237085782,3.30858213133118e-05,7.97809460969549e-37,0.00625312537988751,0.025568195978502,1.60360743368243e-05,"GS49",500,-44.33333333,-72.52638889
"120",-0.25103685495472,-0.240103688423554,-0.159534639254435,-0.273034117597395,0.00135177267031034,2,1.08063934360623e-10,0.961294112791149,0.0205499731479388,0.000678309711510564,2.68262981924571e-26,1.87634620180654e-12,0.0174775858779122,1.83615489004796e-08,"HBsn",500,-46.27277778,-71.91833333
"121",-0.334649658151979,-0.676952118298064,0.177882464315584,-0.00327540554628599,-0.0282680675713288,7,8.11128705002581e-17,0.000159342829395214,0.000260159632960795,0.000134687665170296,2.11125796064416e-46,2.50850092281898e-14,0.999445809871548,9.00391418435277e-13,"HC80",31,-33.05,-71.60111111
"122",0.417308491103657,0.866616547693549,-0.159858874840892,0.13627994431097,0.169842260950336,1,0.998222332523471,2.141639512528e-09,1.7766440656543e-07,2.99014543119892e-09,1.04770848661674e-29,2.04539451933679e-08,1.35688713106972e-12,0.00177746422503581,"HC988",300,-39.58333333,-72.25
"123",0.48165043007984,0.78072084742222,0.190113504392857,0.139711933855158,-0.0789414518074846,1,0.960952904011846,3.90164174934909e-09,5.35491713467316e-08,3.4160173139785e-08,4.1701054335351e-45,3.11767979851775e-05,7.58756488125926e-10,0.0390158268204263,"HG1490.4",150,-39.88055556,-73.43333333
"124",-0.323345271882588,0.0522463438808628,0.115013522000656,-0.335008011525141,-0.208114410604877,2,1.84893603119364e-10,0.980399236639038,2.02040081843013e-05,0.00955000920576911,4.99193231824351e-35,6.71997722106943e-13,0.0100030069603387,2.7543001104214e-05,"HGs.n.",100,-39.86666667,-73.43333333
"125",-0.383188166990519,0.345724609358566,-0.0621009630101533,-0.596469596835873,-0.22209089891237,2,5.78753099082734e-11,0.999917036388739,3.29510833725761e-08,6.64574671350053e-05,2.04377663907041e-25,2.63949176070926e-16,7.62858703011548e-07,1.57102764641742e-05,"HM81",50,-41.885,-73.88472222
"126",-0.136070890079815,-0.409876129506427,0.0902859532662416,-0.148479120392999,-0.0963541165137702,7,2.93129063161287e-11,0.0374914327397005,0.0134082984032016,0.000464506587521478,6.6200002243724e-40,7.10937172749672e-10,0.948635756833193,4.69613347953338e-09,"JB32862",50,-51.66666667,-72.53333333
"127",-0.000146150013647536,-0.253429653949219,-0.318751934735135,0.478057629414808,-0.0175947513723064,3,1.71828388722422e-08,1.44787393084456e-07,0.999877985289936,3.46673197911063e-06,2.11658015705612e-28,1.46515164064748e-12,0.000118385418063679,5.88324531235297e-10,"JK20",700,-45.86666667,-71.25
"128",-0.133203730453447,0.0981791386090494,0.133140025277298,-0.367609522612867,-0.0848278697255307,2,3.63015478526432e-08,0.990314268913011,7.21884658469246e-05,0.0025706377546047,3.5345099320157e-36,1.61048191070135e-09,0.00695380295113724,8.90640033706585e-05,"JM17536",50,-41.33333333,-72.98333333
"129",0.0958158451402125,-0.636243278570295,-0.263954376180774,-0.0727590185774934,0.471989723765082,3,3.24804659873289e-11,0.000204030856060799,0.997539861855126,1.30380093448755e-07,1.18741298905956e-29,5.57502192836266e-09,0.0022559713011811,3.62442219823841e-14,"JS4381",1200,-36.83333333,-71.41666667
"130",-0.36380213112044,0.156067459835475,-0.107162035219818,-0.564072803151746,0.128454134568899,2,9.80374190707703e-12,0.999901273492019,5.18241751225775e-07,9.42673361833789e-05,3.44545871220389e-24,1.409263097762e-15,3.72603576210274e-06,2.14884479303284e-07,"JV3203",1000,-39.42361111,-71.42166667
"131",-0.631303089401049,-0.562550093454005,-0.000160246084107432,-0.0623929113470036,0.176366772685973,7,1.5717351697653e-17,0.0314219335507567,0.000856865897620693,0.0474297238393401,9.86004100571126e-34,2.24676275035399e-18,0.920291476695415,1.68678962670409e-11,"JW3985",200,-33.1,-71.68333333
"132",-0.353760771102345,-0.0445913927482314,0.0247470950316191,-0.289919967958284,0.178409759717729,2,4.7551093990096e-11,0.962843903667368,0.000163166813070635,0.026271791501819,7.17195991250629e-31,2.7091360197003e-13,0.0107198103193945,1.32765052624192e-06,"JW4704",100,-41.2,-72.55
"133",-0.0523215287916421,-0.862709070365107,-0.12981915080711,0.730469330624394,-0.204973308757338,3,1.36279947710935e-14,1.17801610787598e-10,0.968819964643638,1.32858715856743e-07,5.54985559294402e-44,4.23230961709494e-14,0.0311799023797872,1.60366882760298e-15,"JW5159",2100,-33.08333333,-70.76666667
"134",-0.131765258421661,-0.309069648645733,-0.128472318202201,0.0434854067434,-0.0370826124693046,3,3.72765100549878e-09,0.0133855532973136,0.830297311201844,0.00125720861171095,1.01024213808406e-30,1.13428248199363e-10,0.155059886175742,3.68723103751532e-08,"KR4614",1650,-41.1,-71.58333333
"135",-0.365270563844218,-0.682155746491703,0.0527179104840633,0.00799736285041219,-0.135764310053107,7,2.28098290666696e-16,0.000573833997594613,0.00267894171225511,0.000155187569907954,4.49234593022639e-41,4.68642278587317e-15,0.996592036718987,1.25075063828694e-12,"LL4342",80,-33.33333333,-71.66666667
"136",-0.512502803985906,0.290013258335733,-0.00146348632033735,0.354780282201282,0.21855515998214,4,2.23022522951571e-10,1.76739340868476e-05,1.37192053770121e-05,0.999608873205098,1.02719717357459e-30,1.90025685850912e-18,7.03411935364574e-05,0.000289392238879462,"LL4440",200,-36.91666667,-72.66666667
"137",-0.508008113375359,-0.339060540095168,0.0789294025067916,-0.0454331380441758,-0.146108539708149,7,2.40297485066469e-14,0.0439946652861581,0.000695491733121283,0.0684295915169161,1.12850659927524e-36,4.68079986534699e-16,0.886880231517512,1.99462679236909e-08,"LL5968",100,-33.33333333,-71.66805556
"138",-0.0439634429920079,-0.260148380692995,-0.229045731225343,0.116001715569693,-0.00512400087214803,3,2.43113600597149e-08,0.000699753625141628,0.993807043354513,6.5562382410324e-05,4.51879032461934e-28,1.12661099857306e-10,0.00542760646796961,9.74594461974161e-09,"M2048",1200,-38.57805556,-71.61666667
"139",0.0103263081622657,-0.23822838976607,-0.0833424032967538,-0.177054541896783,-0.119042208427786,3,2.09824136981564e-07,0.29827864252657,0.555647384372683,0.000241568774874402,9.33138546383276e-32,1.15584240790612e-07,0.145831786651263,2.92266232579429e-07,"MB369",1000,-40.33608333,-71.41161111
"140",-0.100726594028446,-0.485798009298594,0.153243121295635,0.134272261666097,-0.186578870797379,7,6.63156176765232e-12,7.80169204483344e-05,0.011132627913939,0.000147457469958234,4.06147360670396e-46,2.11568161346291e-10,0.988641896784196,6.93259049284246e-10,"MC12841",840,-40.11666667,-73.56666667
"141",0.0222915718123203,-0.195130928833441,-0.124540168036527,0.164505904225177,-0.0267108354314012,3,4.94850015465796e-07,0.000501741528428356,0.980159702155347,0.000236377276221068,2.69210638840433e-32,6.05103464152847e-09,0.0191014641935835,2.13945370228024e-07,"MF6193",50,-51.12722222,-73.13027778
"142",-0.581529350849395,-0.0830124983519129,0.0999436907275119,0.135871474031495,-0.101229401387037,4,2.48653117757922e-13,0.00278050462233138,7.41059582283578e-05,0.928012356744911,4.65103050990156e-36,7.95621595652987e-18,0.0691300367296272,2.99594465306501e-06,"MG291",1374,-35.85619444,-71.09555556
"143",-0.567001409246252,-0.13833489994865,0.0193747447467044,-0.10351337600153,-0.199668170788955,2,4.53305456949309e-13,0.428828032236612,0.000396465495722861,0.384235488641169,1.49404184739153e-31,6.66040193716783e-17,0.186538224500657,1.7891253864058e-06,"MG296",1374,-35.85622222,-71.09552778
"144",-0.503389263665623,0.565380514813604,0.239270965341931,0.347418331976997,0.0731818037403012,4,4.5799096711727e-10,1.01065281778252e-06,9.79799111892621e-09,0.958390170713499,8.61432316286532e-40,1.35057375265215e-18,4.88909368781081e-06,0.0416039192840135,"MG300",758,-35.86516667,-71.12013889
"145",0.146158347643577,-0.515218443230802,0.261151386152173,0.0934693397664243,-0.067105520057972,7,2.57479744153804e-10,1.65584164338403e-05,0.0109930232314181,8.01513436065263e-06,1.88086645597733e-52,3.52404245758898e-06,0.988978878630933,2.86916673630197e-10,"MG3452",200,-41.16666667,-72.5
"146",0.0432833128720427,1.39456554041806,0.0961351179208428,0.0430306728637787,0.140983863490876,8,0.000473262021041185,1.14540162102418e-10,2.20724326212787e-14,5.01481039774079e-08,1.00468381348253e-34,1.08115906118558e-15,6.12005284755533e-16,0.999526687716291,"MG381",811,-36.57869444,-71.45508333
"147",-0.284752193467005,1.23733697472997,0.253739855888668,0.207283746273815,0.0830280494262568,8,7.64148929119616e-08,1.61347828733236e-10,8.95756141023058e-15,3.918797851495e-05,3.51331303707692e-40,1.22624330962856e-19,1.76385269778329e-13,0.999960735445059,"MG384",811,-36.57866667,-71.45508333
"148",-0.316221598939216,-0.011010267186342,-0.150353007312636,-0.251056541484712,0.0215760750534715,2,9.08699562577298e-10,0.990223616493496,0.00234805348229343,0.00525838220334489,2.27427194378462e-24,1.30062012101358e-13,0.00216816103154576,1.78588049047132e-06,"MG4006",1100,-40.76666667,-72.2
"149",-0.289902346903306,-0.0459910844714889,0.311750918212927,0.0766439501137186,-0.245293795612301,7,2.76992046655522e-10,0.0032352950400565,0.000110092399168587,0.217027113915165,2.60622606902878e-46,6.81955336645186e-12,0.779518187639489,0.000109310722309748,"MG4409",1500,-35.5,-71.16666667
"150",-0.591354290109322,0.105780212269538,0.0678962746178288,0.136220277327047,0.0918991403609169,4,1.2418047548415e-12,0.000930106140964676,7.32596900524692e-06,0.997303952359533,3.95418331173026e-33,1.26804578281483e-18,0.00174063792120746,1.79776080475343e-05,"MG4676",250,-36.83333333,-72.68333333
"151",1.06839077171746,-0.0671926214001425,0.107130679908359,0.0648363738932054,0.0171593279905254,6,1.10254684530982e-05,6.06524779494936e-15,4.18267513270535e-08,2.51062804123093e-18,1.13370391755087e-57,0.999988932700899,3.88280818201183e-12,7.87224936347001e-15,"MG4975",800,-37.78333333,-72.81666667
"152",-0.501875970895776,0.575014430102966,0.0517726940920996,0.190083588246674,0.193529101174011,4,4.80372371204369e-09,7.95939434495535e-05,1.9581878654679e-07,0.962045609511933,4.43215824726307e-30,2.78977073722437e-18,2.52714041283252e-06,0.0378720687816942,"MG5084",116,-32.56666667,-71.45
"153",-0.307230754557816,1.09036911574573,0.0336185647981969,0.129683926776953,-0.0482578475284127,8,9.47485103784665e-07,6.42774206444986e-08,1.39527091379839e-11,0.000181363254739341,2.58137383078823e-30,5.43471067958454e-19,6.75865954045189e-12,0.999817624962025,"MG5137",1270,-33.33333333,-70.36666667
"154",-0.204388264824445,1.21381578175059,0.0207939799025571,0.250836339009554,0.0782304827009814,8,1.02401686794222e-05,6.80927570417463e-10,2.67684068388174e-12,1.83785777665494e-05,4.92200579327559e-31,1.06506209437436e-18,1.32623669313631e-13,0.999971380569817,"MG532",811,-36.57869444,-71.45505556
"155",-0.358168470218794,0.595293824235185,0.120252639670339,-0.00732162687894455,-0.26831535403928,8,3.44957497996442e-07,0.00298455769174484,4.06412314406776e-07,0.143529123196681,2.29354356891443e-33,4.09169824023713e-15,1.97941432399383e-05,0.853465773598518,"MG5444",800,-33.06666667,-70.95
"156",-0.462558296713172,0.31340935741078,0.0205563598718487,0.186535103001683,0.0343689881370569,4,2.74234770289444e-09,0.0007948013876917,2.84512784774601e-05,0.995955395203371,1.22003448330312e-30,1.02952833588356e-16,0.000323888117712437,0.00289746127040007,"MG5475",750,-34.98333333,-70.76666667
"157",-0.375720833834059,-0.216206334400245,-0.130908365334419,-0.183704460759954,0.273013303571002,2,1.9533181205592e-11,0.913929209403851,0.0151179454153234,0.0313111091810726,1.16732451518699e-25,7.07318647118931e-14,0.0396416896985689,4.62815805490384e-08,"MG5482",750,-34.98333333,-70.76666667
"158",-0.439134632936022,0.862318770648469,0.233406801293713,0.182366329328656,-0.269517142516082,8,6.3727959197935e-09,4.08762468002771e-07,3.8663498030132e-11,0.011618052153361,4.61313251603662e-39,3.48711377461954e-19,1.09746279617287e-08,0.988381521698084,"MG5492",750,-34.98361111,-70.76666667
"159",1.33572541288072,-0.0077435941690889,0.223508668482919,-0.0959373285140115,0.191079286126398,6,2.66148640393409e-08,1.04163319981174e-19,1.93688758695421e-13,1.86584135502715e-24,1.03477522922278e-67,0.999999973384942,2.09390098692191e-17,2.06372403753989e-19,"MG5549",1040,-37.71666667,-71.21666667
"160",-0.0123480768247843,1.12078985791817,0.05396660216517,0.0462522418590035,0.029289258469344,8,0.000550390011302693,3.34979646813232e-08,3.91786997256895e-11,3.58062405964157e-06,9.40205932499518e-33,2.67565208554374e-14,1.84706253158941e-12,0.999445995825621,"MG568",485,-37.67927778,-73.22727778
"161",0.154542488943796,-0.411062366537999,-0.19246453503063,0.146474663468354,-0.113847677019321,3,1.8095246673515e-08,1.42103264553388e-05,0.997372237879062,2.7361389282535e-07,6.01491778207631e-34,1.56887227704389e-08,0.00261324431188711,8.47330632115262e-11,"MG6031",500,-50.98333333,-72.85
"162",0.17556060363898,-0.262969195632752,-0.172904494589814,0.145741165564231,0.196369846561016,3,7.40024986174885e-07,3.96364904358722e-05,0.998464097915839,3.84678654181355e-06,2.704659089928e-32,1.95103420730365e-07,0.00149148101107169,2.66770490569522e-09,"MG6904",1357,-39.01875,-71.68558333
"163",-0.0295927377283408,0.57400201459743,0.00526990460881454,0.135872821156262,0.076296438421005,8,0.00724363454411472,0.000572447153326155,0.000302404678974936,0.0280957062519458,1.16863905383159e-30,9.51233038547597e-10,1.8521250355947e-05,0.963767285170049,"MG6977",1,-39.87702778,-73.16116667
"164",-0.577100745226385,0.117422435699903,0.0989732294074071,-0.0535996451936886,-0.0329172427001959,4,2.66607885318203e-12,0.0364072633491202,5.52761232347964e-06,0.958193847215593,3.59397411835092e-33,1.50205530330379e-17,0.0053249405690943,6.84212512028316e-05,"MG85",1341,-35.46580556,-70.97641667
"165",-0.681518477438008,0.0778068953991664,0.128647606644951,-0.167442966704428,-0.0105117740700625,4,2.67560429452905e-14,0.104117452802514,4.53302192320513e-07,0.891842342707743,1.64103967495857e-33,3.43936552999198e-19,0.00402997265447383,9.77853305037801e-06,"MG86",1341,-35.46583333,-70.97638889
"166",-0.398898755997841,0.205168194043885,-0.0845370600695851,-0.285614279885714,0.0963192377907557,2,1.06941577000988e-09,0.96943513435765,4.33401950341081e-05,0.0302378358740528,1.53007205645356e-24,5.80263994490281e-15,0.000216920912837246,6.67675910045155e-05,"MW6806",830,-40.73416667,-71.41416667
"167",-0.0669404579351484,0.79198680392999,0.0718048422880609,-0.0860563577882528,0.0150160038092353,8,0.000403208433933859,0.000204437592356633,8.76413172731213e-08,0.000819620467479399,5.26266745852848e-32,1.13345514711118e-11,4.60757972127793e-08,0.998572599777781,"OB6473",1200,-33.00222222,-71.00611111
"168",-0.228169598505821,-0.703068102046417,-0.080773143910594,-0.111302535014012,-0.188019286900854,7,2.2143373280477e-14,0.00915250904787886,0.0957843001280182,1.93493102069455e-05,8.81729482088018e-36,9.79762902442701e-13,0.895043841511726,1.16799688587026e-12,"OB6523",170,-33.28527778,-71.64361111
"169",-0.174303370632138,-0.649679192049928,0.119067390367275,-0.0134637935805635,-0.391197675597401,7,1.65646537963589e-14,0.000220485266785892,0.00313777551699107,8.79617017629384e-06,8.35305893827007e-46,4.03505063279792e-12,0.996632943036542,5.45326036324016e-12,"OB6527",111,-33.140195,-71.703905
"170",-0.438231759798531,-0.134082015073637,-0.0306571874431743,-0.00115256017300701,-0.0406128202139242,4,5.94023626705799e-11,0.211512557873558,0.0118440438486485,0.49152391605879,3.85588761848886e-30,1.21126908249468e-14,0.285115025447838,4.45671175059633e-06,"OZ17557",500,-33.01666667,-71.26666667
"171",1.35198720525472,-0.108654583526245,0.192905662584789,-0.448735779277109,0.199737784990119,6,3.42752568625104e-10,2.07463822152196e-18,1.2924176193297e-14,2.24142377816582e-26,3.89437937523455e-66,0.999999999657234,3.25068402644108e-18,1.19097128863661e-21,"OZ2302",2000,-37.28305556,-71.71666667
"172",0.0141873097021817,-0.845010281532317,0.091536469479519,0.0215843924893808,0.106362833355715,7,2.71068266209914e-14,2.32398675737693e-05,0.0418529270521028,6.90895876103535e-07,6.9108705497133e-47,3.77260367354901e-09,0.958123138411803,1.41472254214423e-14,"OZ5556",1200,-37.40888889,-71.60611111
"173",-0.13098543319007,0.866272595718343,-0.0342015552886573,0.122960968376285,-0.424659323691321,8,0.000137608505074303,1.80453879705083e-06,3.20826839604899e-08,7.02810479679268e-05,3.51102160384334e-30,4.92106076862601e-15,1.85286763447765e-09,0.999790271972604,"OZ5577",1000,-29.96666667,-70.93333333
"174",0.145354410091327,-0.23461355875228,-0.238163474729994,0.203024629282405,-0.0338467331113645,3,6.08845718452348e-07,1.27379214890634e-05,0.999520095026644,1.29992164390574e-06,1.74794986676918e-30,7.98677570855029e-09,0.000465247094768468,3.20295995859654e-09,"OZ8086",1000,-40.75,-72.15
"175",0.194903512676451,-0.750416438776511,0.0395546460889437,0.113547526234458,-0.0711344840246836,3,3.14262214465914e-11,6.38974751983948e-06,0.556439689190629,1.32067067295928e-07,2.82379838549942e-46,1.08523051557099e-06,0.443552703732571,2.69906255108134e-13,"OZ8661",185,-50.33194444,-72.50305556
"176",-0.286479651717099,0.566448686779151,0.00743159966454615,0.127225205237128,-0.180558328521519,8,1.09717914736599e-05,0.00126623757961894,2.20594228021508e-05,0.168743063515982,1.16855760145169e-29,3.56965089244387e-14,2.58432290090722e-05,0.829931824461079,"OZ8726",880,-31.97777778,-71.45
"177",-0.654016447635485,0.243786979536072,0.0785401349263153,-0.289434944206176,-0.131308574096753,2,6.26343591344952e-13,0.630364523892395,1.61460085687187e-07,0.369026494016477,5.44404643943329e-30,5.5316681868266e-19,0.000424158442580131,0.00018466218783518,"OZ8860",45,-40.58972222,-73.7375
"178",-0.584737470163237,0.466732162254187,0.191237206103823,0.371081567018199,-0.145383799948449,4,3.50046924329015e-11,1.72305356150432e-06,3.08886507477738e-08,0.988818154760549,1.34313640771856e-38,4.38354742412679e-20,1.88343613845304e-05,0.0111612569008496,"OZ9278",2000,-34.95,-70.43333333
"179",-0.196413173864957,-0.35572025115487,0.0291624190060528,-0.0598361497889456,-0.349469041153615,7,6.91794256402985e-11,0.0305493297671808,0.0340744903998899,0.000973162235342755,1.57545610215146e-37,2.83626166681446e-11,0.934402979609111,3.78909337242532e-08,"OZ9429",100,-33.26666667,-71.65
"180",-0.0968783431872891,-0.272754385675571,-0.112361056484312,-0.310041290321497,-0.223718621039443,2,2.02797618948818e-09,0.901681480777856,0.0530719177932158,6.51256151031869e-05,4.40021273416133e-30,7.27837101969224e-10,0.0451814455746618,2.74833498300336e-08,"PA33372",1000,-35.01666667,-70.8
"181",-0.491433688834258,0.189760088792484,0.0992073690370257,0.0253086413394042,-0.0235236688817102,4,1.16874475615993e-10,0.0119142449214293,1.47498033966461e-05,0.98395729262418,1.41013239388907e-33,3.01772870572607e-16,0.00359195561243924,0.000521756921680001,"PB1175",424,-35.66636111,-71.25133333
"182",-0.32516263386961,-0.010156615762648,0.156286251635757,-0.612503329489819,-0.111677240909876,2,3.91483273047432e-13,0.999546189754643,9.2273471784941e-08,8.65430831677146e-05,6.8571783524518e-37,9.86130475646659e-14,0.000367086789535871,8.80986918999841e-08,"PB260",8,-42.82,-72.7275
"183",-0.27960958272313,0.135059964290575,0.0231091575372486,-0.561937125192139,-0.0135467992844704,2,4.99068872588624e-11,0.999856669383259,5.32339959920234e-07,0.000106315631024579,1.88463837867221e-30,1.73554862920443e-13,3.54489876933459e-05,1.03360798227014e-06,"PB368",150,-41.21527778,-72.6825
"184",-0.564195858829918,0.323703202692116,0.0689636371005604,0.233767102390202,0.08624194187255,4,3.59246844911853e-11,7.5884176417084e-05,1.11318524538591e-06,0.999223291729622,1.05638085597069e-32,5.29261437394198e-19,7.58789587519708e-05,0.000623831914038303,"PB455",1000,-37.39416667,-71.44305556
"185",1.34845165563474,-0.0143343557696191,0.0846712696534268,-0.265546065653558,0.244175012515217,6,4.2892630624426e-08,1.71927276896017e-18,5.21173752534605e-13,3.47193391736123e-25,5.2643324357948e-61,0.999999957106848,4.48618924386195e-18,4.50908119444995e-20,"PB479",1150,-37.3975,-71.49416667
"186",-0.483027607266343,0.32870200135978,-0.106029183357321,0.0713890911031454,-0.120763546052684,4,1.54418526780162e-08,0.0299120038025857,0.000249909650446328,0.960833928339532,2.65155476674997e-24,7.40427278057381e-17,0.0003968642535649,0.00860727851201855,"PB487",670,-37.81083333,-72.89694444
"187",-0.0601046346904523,0.737602898278408,0.0012463581896482,0.144780737107765,-0.0339232015095525,8,0.00165224884155506,1.95439798218305e-05,2.52598211645871e-06,0.00191014158214263,8.13507874270824e-31,5.58618690214285e-12,1.31826956740739e-07,0.996415407781821,"PB644",1700,-33.32333333,-70.3175
"188",-0.33302276941436,0.504037835818041,-0.147894845419642,0.00119978909904805,-0.113300293480628,4,1.86593232783829e-05,0.116441478690506,0.000654064199767841,0.442294080585829,1.39558273295562e-21,2.60050363247693e-14,7.4440943477494e-05,0.440517276257115,"PB71",1470,-35.9125,-70.64277778
"189",1.0352417058721,0.231621688531836,0.019661707848298,0.0856317081601491,0.00511810388532347,6,0.0153786929916293,1.04694542738891e-13,1.73550470334131e-07,1.16514737278757e-16,1.92541484280333e-50,0.984621133430869,1.31725660538118e-12,2.56091526007063e-11,"PB835",624,-37.6095,-72.7745
"190",1.04934704678383,0.296498699989805,-0.0299981036443346,-0.0406691317741272,-0.0385286690438949,6,0.0351735269562734,4.75606834504359e-13,7.67740749925622e-08,3.13088464342551e-17,1.50555800404652e-47,0.964826396232099,2.46637879207266e-13,3.68300810866541e-11,"PB838",624,-37.60944444,-72.77444444
"191",0.0757721526604461,-0.494867421394565,-0.0192151153019613,0.370105076335415,0.199766421823721,3,1.25465283758624e-09,1.1665045997433e-06,0.915861170876555,2.83380676423162e-05,4.49831737266545e-41,1.05637208545086e-08,0.0841093126395848,9.32443848119203e-11,"PB84",1750,-35.94527778,-70.50805556
"192",0.12302101501651,-0.30669387589848,-0.208032071249145,0.277165654787906,0.160756433381691,3,8.10618530918961e-08,3.00210585738234e-06,0.999174513736182,2.70236116849875e-06,3.90752862921163e-32,4.1424223764226e-09,0.000819696109943499,4.82573395822613e-10,"PB972",1663,-38.61972222,-71.59916667
"193",-0.392495882221678,-0.00779655771030187,-0.00350347253896411,-0.350410952164566,-0.0914295514505631,2,1.21293892011438e-11,0.993080759061764,3.04659689973463e-05,0.00440646996777824,4.8819389933668e-30,1.14554472439981e-14,0.00248108818801826,1.21680130070965e-06,"PHV317",700,-40.68361111,-71.7
"194",-0.054012909884719,-0.063103331243293,0.118100046303009,-0.343540076606348,-0.155547545272087,2,4.21430780427853e-08,0.940751213388806,0.00115955387326837,0.000732947641550407,1.40610501680269e-37,4.57184438637257e-08,0.0573478237914644,8.37344338917366e-06,"PHV318",700,-40.68333333,-71.7
"195",0.183858202757473,-0.312703703273784,-0.225994375190044,-0.0942009723033215,-0.0676958126974402,3,3.28230039889548e-07,0.00170523202877067,0.996553762733467,3.64054389794422e-07,7.58336360617008e-30,3.42644007523345e-07,0.00173996940463813,9.04686560790311e-10,"PHV335",140,-51.56794444,-72.61786111
"196",-0.221835977339094,-0.488495750655051,0.193544804687121,-0.290259277325909,0.118565962021507,7,7.48976061066427e-14,0.0680419511560019,0.0003444993492581,0.000454680661870807,3.37458203250945e-43,7.09203245133927e-11,0.93115886859247,1.69404185767925e-10,"PHV75",400,-40.3425,-72.2475
"197",-0.307786616922915,0.228190182672462,0.119112782417724,-0.527371968323043,0.118478658206576,2,1.2278218624864e-10,0.998478110290966,1.48402486570897e-07,0.00144334529953907,6.23756955767944e-33,2.99239110285829e-13,6.10112049126058e-05,1.73846790138466e-05,"PHV850",54,-38.81055556,-73.39222222
"198",0.10366448760874,-0.26830760613958,-0.301709511930201,-0.122695530917387,-0.249037468117408,3,1.97472185349326e-07,0.00568495810509778,0.993419170897531,4.26196608030058e-07,4.8591839234864e-26,7.8625124017857e-09,0.000895237182289242,2.28377582376051e-09,"PM69850",800,-50.47444444,-72.48055556
"199",-0.500262075745136,0.375096461892823,-0.0415825633395985,0.178324459593102,0.127873758405137,4,2.40363135674732e-09,0.000730213413176683,1.570611778282e-05,0.996297035572452,3.21324574991453e-27,9.38004883640065e-18,5.19853927800042e-05,0.00290505710017736,"QH526",500,-38.66666667,-72
"200",0.341129425893089,0.781928153289375,-0.0354737701034479,0.33612240979138,0.205564874979634,1,0.974858319410357,2.74892629143527e-09,2.59282525172903e-06,7.7434054301949e-07,1.42056931966355e-34,5.45201299852838e-08,3.53802740652652e-10,0.0251382558009891,"R1225",200,-37.11666667,-73.13916667
"201",-0.0588124225346937,-0.576587080371399,-0.157208086564066,0.108536805474608,-0.018268735017873,3,1.97793860129313e-11,0.000167965493711471,0.927017718975559,8.0222295482525e-06,5.51904606601426e-34,6.23653451108754e-11,0.0728062932110422,7.99401271286861e-12,"RF4349",1940,-37.83444444,-71.09083333
"202",-0.223131469088367,0.166860812876567,-0.180511697508201,-0.300778823409936,0.137857670128646,2,8.19661623886912e-08,0.996545617300528,0.00102060315029095,0.00228711395674816,5.37281256447299e-22,2.13984000132532e-12,0.000123830618292286,2.27530058380337e-05,"RF5795",600,-42.16666667,-71.36666667
"203",0.407766768091151,0.0861842604946126,-0.303127791659733,0.27423021280891,-0.283415081535742,3,0.0310320311572588,6.60424629263394e-07,0.968958544437709,3.01090852612908e-08,5.11604762004414e-29,4.43149705085634e-06,3.24947260052594e-06,1.05290166629661e-06,"RWs.n.",1850,-41.21666667,-71.5
"204",0.136321203846831,-0.518646880538895,-0.264598744666924,0.266199930636874,-0.0226716906988468,3,5.94812850806539e-10,3.80062875920534e-07,0.999504880153584,3.35078215495614e-08,4.11988596507112e-33,3.91684990711911e-10,0.000494705288418501,8.02152780498449e-13,"ST2285",2300,-33.81666667,-70.08361111
"205",0.691436929197221,0.478235392093881,-0.145531986747673,0.34314312998129,0.0193808982752241,1,0.999877423901585,1.0962402793238e-11,2.77573730726451e-05,1.25004192295943e-11,9.68662391565576e-38,9.38348496027554e-05,3.04107246487069e-11,9.83821866202421e-07,"TKsn",150,-39.87916667,-73.43333333
"206",-0.520967700906388,-0.170361088017799,0.221121742737551,-0.11776140075365,-0.00977675280271345,4,6.85930327878343e-14,0.0835959653816013,1.99536480260569e-05,0.463136815083863,3.34888416688097e-40,1.56137906693985e-15,0.453246521291056,7.44595383147139e-07,"TP14215",500,-38.32638889,-72.06138889
"207",0.655586709290679,0.648932495810503,-0.0961239380642666,0.171350710070763,-0.0491133649558772,1,0.999965108581964,5.35335355162583e-11,5.0469621768551e-07,8.55737074965541e-12,1.13780028779855e-37,2.30470314624778e-05,3.04544525105066e-12,1.1339625219053e-05,"TP14306",180,-42.70611111,-73.91666667
"208",0.145752360633251,-0.148952761343397,-0.253193220964622,0.0658738665643474,-0.00223067346330006,3,5.02597338129639e-06,0.000311203221001523,0.999247224650506,3.31487878171917e-06,9.37195224277141e-28,3.85092659212399e-08,0.00043315958942131,3.31776423590331e-08,"TP14391",1000,-45.88611111,-72.12583333
"209",-0.00993874545630853,-0.196445478683061,0.0833813446290011,0.06269564138193,0.0984994991426032,7,2.72715601468499e-07,0.00926630761886775,0.229864320232737,0.00944313449812914,1.06243905454026e-38,2.1277477826242e-07,0.75142283172854,2.92043134639513e-06,"TP14473",20,-51.5825,-72.75944444
"210",0.129575104054466,-0.130477162772912,-0.133015477153285,0.0959497362606109,0.0684886534329728,3,1.13222066064323e-05,0.00074960435324645,0.993752719815021,6.95401526060951e-05,1.16898578589602e-31,3.42072571874851e-07,0.00541602572483582,4.45675111935011e-07,"WE24190",50,-51.73333333,-72.51666667
"211",-0.291764231016848,-0.170696876051426,-0.205231590967982,-0.368508719377922,-0.153852755004257,2,2.37161030348817e-11,0.996978501859554,0.00175600948390487,8.40331577127235e-05,3.66779935150608e-24,5.05512863471248e-14,0.00118144408321294,1.13918491680016e-08,"WE24417",416,-49.09305556,-72.54638889
"212",0.784137181871907,0.394002633168652,-0.103011463825164,0.240580454570288,-0.0967630203464069,1,0.995450901583723,2.18950118456785e-11,2.9770222535154e-05,1.31947228876335e-12,1.00170789203127e-40,0.0045191211468341,7.18553189218529e-11,2.06951837895752e-07,"WL606",200,-39.96666667,-72.66666667
"213",-0.0115251480384124,0.640525531958866,0.0900296408184713,0.0132576802221658,0.0210882355244374,8,0.00230684739674619,0.000473261626852298,7.61252366181895e-06,0.00515169887103788,7.2753130011129e-34,1.12301737057342e-09,3.55314393016029e-06,0.992057025314754,"YM7858",1240,-35.04888889,-70.56916667
"214",-0.0150419665374679,-0.23173173829507,-0.136628551794736,0.298367056152197,-0.187958570309872,3,9.63489078061183e-08,3.95666028290167e-05,0.983020577222062,0.000138931477993799,1.90624744737736e-33,2.53440053192147e-10,0.0168007416863644,8.6408402580743e-08,"ZR138",1776,-38.1,-70.91666667
