Taxon,MorphogroupID,CladeID,SpecimenID,HerbariumSheetID,Elevation,Latitude,Longitude,LAMLEN,LAMWID,PEDLEN,OVALEN,CALYTUBLEN,CALLOBLEN,PETLEN,PETWID,FILLEN,STYLEN
millegrana,16,I,FZU10413,MO6276775,1160,-21.46472222,-64.14305556,120.36,36.31,2.86,1.33,0,1.6,3.71,1.46,1.48,1.18
millegrana,16,I,FZU10398C,MO6265743,2360,-21.44138889,-64.38416667,90.38,33.58,2.48,1.11,0,1.38,3.65,1.44,2.1,1.4
millegrana,16,I,MS7323,MOUNM_MS7323,1696,-21.75833333,-64.30583333,119.33,39.67,2.3,0.96,0,1.27,3.22,1.48,1.48,0.98
millegrana,16,I,FZU10398A,MOUNM_10398A,2360,-21.44138889,-64.38416667,122.67,37.33,2.3,0.94,0,1.19,2.91,1.54,2.3,1.15
micrantha,16,I,MD6482,F2127150,1900,-7.416666667,-78.71666667,88.33,23,2.02,0.75,0,0.63,2.88,1.15,1.58,1.04
millegrana,16,I,FZU10219A,MO6274665,1650,-24.23444444,-65.07916667,109.99,35.61,2.5,1.18,0,1.23,2.87,1.19,1.43,1.5
millegrana,16,I,WE25045,F1495914,2700,-17.98333333,-65.6,81.33,24,2.06,1.27,0,1.06,2.87,1.36,1.38,0.81
millegrana,16,I,RR71,MOUNM_RC71,1228,-18.55,-64.63333333,78.33,25.33,1.7,1.01,0,1.27,2.8,1.4,1.27,0.8
millegrana,16,I,AJ1598,MO5689927,1385,-18.33333333,-64.48333333,116,28.67,2.01,0.89,0,1.16,2.79,1.4,1.65,1.1
millegrana,16,I,IV940,MO4047260,2050,-18.51805556,-64.08555556,129.83,38.33,2.04,0.87,0,0.99,2.74,1.28,1.26,0.88
millegrana,16,I,JS17904,MO4052291,2950,-17.7,-64.86666667,86.33,31.67,1.95,1.1,0,1.07,2.73,1.16,1.43,0.88
millegrana,16,I,JW11737,K206,2000,-18.20333333,-64.97777778,73.33,22.67,1.68,1.04,0,0.95,2.73,1.5,1.56,0.8
millegrana,16,I,JW8314,MO5257777,2100,-21.88444444,-64.90277778,98.67,34.83,1.95,1.04,0,1.04,2.71,1.29,1.68,0.91
millegrana,16,I,JW8984,K208,2500,-18.84722222,-65.22111111,74.83,22.5,2.39,0.92,0,1.26,2.7,1.54,1.61,0.89
millegrana,16,I,AS34715,NY_AS34715,2200,-23.08333333,-64.86666667,96.67,46,1.91,1.01,0,1.28,2.68,1.15,1.6,1.15
millegrana,16,I,JG492,MOUNM_JG492,1850,-20.73333333,-64.5,106,28.67,2,0.88,0,1,2.63,1.29,1.72,0.78
micrantha,16,I,AS8791,MO2677927,1850,-7.084444444,-79.04527778,124.67,36,1.99,0.74,0,0.58,2.61,1.05,1.58,1.04
micrantha,16,I,BK493,MOUNM_BBK493,1900,-4.683333333,-79.71666667,105,35.33,1.35,0.64,0,0.65,2.52,1.13,1.38,0.9
millegrana,16,I,MBL1130,MO2186806,NA,NA,NA,90.96,38.32,1.15,0.92,0,1.33,2.52,1.25,1.38,0.7
millegrana,16,I,JS10315,MO03148114,2050,-21.48333333,-64.33333333,76.37,29.74,2.17,1.11,0,1.3,2.5,1.17,1.8,1.09
millegrana,16,I,RK3415,NY_RK3415,1350,-24.16666667,-65.23333333,114.5,42.67,2.34,0.89,0,1.01,2.5,1.08,1.46,0.96
micrantha,16,I,FZ241,MOUNM_FZ241,2124,-7.074583333,-79.05105556,111.33,34,1.78,1.07,0,0.69,2.49,1.2,1.42,0.83
millegrana,16,I,JS10229,MO3148115,2000,-21.9,-64.68333333,129.5,46,2.19,1.01,0,1.01,2.49,1.17,1.33,0.88
micrantha,16,I,FZ242,MOUNM_FZ242,2124,-7.074611111,-79.05108333,134.33,31,1.84,0.85,0,0.67,2.46,1.13,1.25,0.84
micrantha,16,I,AS15247,MO05688191,2100,-7.468333333,-78.77833333,133.91,43.31,1.3,0.78,0,0.55,2.45,0.77,1.2,0.93
millegrana,16,I,AS148,LIL606662a,1850,-22.29805556,-64.68027778,121.33,36,2.13,0.96,0,1.16,2.43,1.21,1.38,0.89
micrantha,16,I,FZ245A,MOUNM_FZ245A,2118,-7.072222222,-79.04833333,112,32,1.97,0.89,0,0.69,2.42,1.08,1.23,1.01
millegrana,16,I,IV108,MO4588464,1900,-18.41666667,-64.11666667,98,36,2.35,0.85,0,1.03,2.3,1.06,1.39,1.06
millegrana,16,I,FZU10362A,MO6274667,1625,-22.31194444,-64.71444444,106.75,43.22,2.58,1.41,0,1.23,2.29,1.34,1.75,1.25
micrantha,16,I,PJ98,MO05000282,2400,-4.091666667,-79.93333333,116.52,31.14,1.78,0.65,0,0.69,2.27,0.77,1.19,0.66
micrantha,16,I,FZ243,MOUNM_FZ243,2118,-7.072111111,-79.04830556,127.67,37.33,1.89,0.92,0,0.72,2.19,0.97,1.12,1.08
micrantha,16,I,AS9297,MO2720142,2500,-7.380833333,-78.89555556,110.67,27.67,1.49,0.77,0,0.56,2.15,0.97,1.26,0.84
micrantha,16,I,AG22671,MO2919795,2000,-5.816666667,-79.51666667,142.33,25.67,1.77,0.64,0,0.53,1.94,0.98,1.12,0.79
millegrana,16,I,FZ289,MOUNM_FZ289,2756,-17.84316667,-65.46086111,125.5,29,2,0,0,0,0,0,0,0
millegrana,16,I,FZ290,MOUNM_FZ290,2756,-17.84361111,-65.46111111,106,24.67,0,0,0,0,0,0,0,0
millegrana,16,I,FZ291,MOUNM_FZ291,2752,-17.84641667,-65.45675,146.33,36.17,0,0,0,0,0,0,0,0
millegrana,16,I,FZ311,MOUNM_FZ311,2663,-17.74541667,-64.93311111,99.67,23,0,0,0,0,0,0,0,0
pendula,20,II,FZ207,MO6273223,3019,-6.860111111,-78.11513889,214.33,29.67,10,2.15,1.5,5.35,11.57,2.94,7.5,8.73
pendula,20,II,FZ231,MO6273218,2540,-7.266611111,-78.51205556,170.67,42,8.81,1.75,1.29,2.12,9.45,2.76,6,7.68
pendula,20,II,FZ206,MO6273226,3100,-6.872138889,-78.11163889,209.33,39.67,6.32,2.15,1.31,3.8,9.44,2.74,6.2,7.5
pendula,20,II,CD9872,MO5863481,2000,-5.666666667,-79.31666667,138.5,41,12.76,1.89,1.36,2.19,9.03,2.93,5,6.5
pendula,20,II,AN414,ANDES_2,2400,5.833333333,-72.96666667,186.67,40.67,12.67,2.07,2.07,2.07,9,2.87,4.93,5.97
pendula,20,II,FZ228,MO6273222,2540,-7.266611111,-78.51205556,125.5,37.5,6.92,1.51,0.7,1.56,8.97,2.5,5.4,6.8
herrerae,20,II,AS8172,MO2312077,1800,-5.244444444,-79.45166667,152,40,12.89,2.2,1.5,2.5,8.88,2.5,5.42,5.98
pendula,20,II,DS10848,MO3303837,1900,-9.533333333,-77.85,176.33,44.67,7.39,1.63,1.12,2.3,8.5,2.41,5.69,6.63
pendula,20,II,JB2640,MO3584871,3000,-2.460277778,-79.00472222,215,51,5,1.9,0.5,2.7,8.5,2.26,5.56,5
pendula,20,II,JH714,US2144882,2000,6.337222222,-72.68388889,208.33,46,6.07,1.87,1.82,1,8.5,2.61,5.13,6.83
pendula,20,II,AH21395,US1195613,2000,-3.999166667,-79.30416667,162,39,4.93,2.21,0.99,2.67,8.47,2.74,5.8,6.2
pendula,20,II,AG75032,MO5894702,2300,-4.583333333,-79.66666667,180,33,6.71,2.22,1.01,2.97,8.28,2.13,5.74,6.75
pendula,20,II,FZ235,MO6280739,2007,-7.320944444,-78.80055556,131,31.33,5.22,1.47,1.04,1.74,8.14,2.52,5.34,6.8
pendula,20,II,WC4029,GH__WC4029,2500,-2.377777778,-78.94722222,187.67,50,6.66,2.21,0.79,2.41,8.14,2.61,5.06,6.2
herrerae,20,II,WG5539,MOUNM_WG5539,3450,-13.6,-72.9,169.67,46,6.23,1.89,1.83,4.13,8.13,3.13,5.2,6.32
pendula,20,II,FZ234,MO6280740,2007,-7.320944444,-78.80055556,146.67,36.67,7.57,1.49,1.32,1.74,7.94,2.61,5.2,6.2
pendula,20,II,FW34334,MO1575383,2200,-9.775833333,-76.08333333,198.67,34.67,7.14,1.6,0.98,0.73,7.89,1.83,5.54,5
pendula,20,II,FZ229,MO6273221,2540,-7.266611111,-78.51205556,153.33,38,7.7,1.56,0.96,1.33,7.88,2.28,4.9,6.2
pendula,20,II,MW7204,F2247319,1350,-12.86666667,-76.05833333,159,30.5,7.75,1.38,1.17,1.76,7.85,2.31,4.8,5.92
pendula,20,II,FZ233,MO6273232,2223,-7.286555556,-78.51244444,154,41.67,6.08,1.63,0.98,1.69,7.84,2.46,4.6,5.7
pendula,20,II,JC9871,F1366631,2100,6.751111111,-72.70333333,190,46,7.2,1.9,2.09,0.99,7.74,2.69,4.12,5.98
herrerae,20,II,FZ186,MOUNM_FZ186,2768,-13.46777778,-72.49519444,174.33,35.33,6.23,1.86,1.81,2.25,7.73,2.65,4.2,5.2
pendula,20,II,FZ244,MO6273227,2118,-7.072111111,-79.04830556,184,42.33,7,1.33,0.98,1.27,7.57,2.47,5.3,6
herrerae,20,II,FZ190,MOUNM_FZ190,2820,-13.46616667,-72.49694444,149.33,31.33,5.42,1.92,1.6,2.68,7.55,2.55,5,6.3
pendula,20,II,JL5220,MO2771452,1650,9.314166667,-70.18083333,165,28,6.9,1.81,1.58,0.88,7.5,2,4.72,6.11
pendula,20,II,IH6604,MO6280742,2420,-13.06666667,-72.36666667,146.67,22.33,5.68,1.17,1.05,0.49,7.28,1.45,4.9,6
pendula,20,II,FZ232,MO6273231,2540,-7.266611111,-78.51205556,143.67,37.33,9.97,1.5,1.07,1.38,7.2,2.27,4.58,5.3
herrerae,20,II,MW5820,NY_MW5820,2885,-12.31527778,-74.81611111,103.67,24.33,5.73,1.53,1.37,1.1,7.17,2.39,4.7,5.09
pendula,20,II,JS104901,MO2223192,1700,9.823055556,-70.06666667,212.67,26.67,6.03,2.24,2.03,0.8,7.08,2.25,4.4,5.7
pendula,20,II,JA1012,MO5894703,2150,-5.877222222,-77.94305556,215,48.73,9.7,1.5,1.2,0.5,6.96,2.07,5,5.2
pendula,20,II,RL13025,MO3272835,1500,9.233333333,-70.25,194.67,34,7.16,1.82,1.68,0.89,6.94,2.13,5.27,5.34
pendula,20,II,FZ230,MO6273219,2540,-7.266611111,-78.51205556,116.67,35,6.92,1.26,0.73,1.42,6.55,2.15,3.5,4.78
pendula,20,II,LA4940,MO2670060,1300,9.916666667,-69.38333333,195.67,33.33,5.23,1.58,1.63,0.78,6.3,1.91,3.95,4.85
herrerae,20,II,FZ187,MOUNM_FZ187,2794,-13.46630556,-72.49686111,154.67,35.33,0,0,0,0,0,0,,
herrerae,20,II,FZ188,MOUNM_FZ188,2805,-13.46625,-72.49680556,154.33,34.67,0,0,0,0,0,0,,
herrerae,20,II,FZ189,MOUNM_FZ189,2810,-13.46583333,-72.49677778,159,33,0,0,0,0,0,0,,
pendula,20,II,FZ227,MO6273224,2306,-6.823444444,-77.95033333,164.33,33.33,0,0,0,0,0,0,,
pendula,20,II,FZ90,ANDES_5,2660,4.591666667,-74,217.67,55.67,0,0,0,0,0,0,0,0
paniculata,19,III,JH1146,MO2605905,2600,-4.345833333,-79.15583333,69,24,1.99,1.92,1.02,0.33,6.68,3.22,4.57,4.3
paniculata,19,III,GL2651,MO4852054,2950,-3.466111111,-79.60416667,64,22,3.85,1.93,1.6,0.42,6.56,3.63,3.4,3.9
paniculata,19,III,PHV6683,MO1838229,2800,-4.646666667,-79.72777778,64.33,20.67,4.13,1.71,1.21,0.69,6.14,3.05,3.4,3.4
paniculata,19,III,FZ254,MOUNM_FZ254,2485,-5.376111111,-79.56827778,59.33,23,5.26,1.39,0.72,0.32,5.58,2.62,3.9,3.6
paniculata,19,III,CD9839,MO5863490,2200,-6.516666667,-79.15,51,20,3.92,1.47,0.91,0.15,5.17,2.51,3.5,3.48
paniculata,19,III,IS4929,F2146731,2150,-6.566666667,-78.8,69.67,20.67,3,1.55,0.72,0.24,5.17,2.83,3.3,3.1
discolor,19,III,EK18727,US1354092,3300,7.369722222,-72.90916667,76.67,22.67,2.77,1.48,0.85,0.67,5.12,3,2.9,2.2
paniculata,19,III,FZ247,MOUNM_FZ247,2068,-5.370194444,-79.57591667,48.33,19.67,5.11,1.3,0.85,0.23,5.09,2.49,3.3,3.2
paniculata,19,III,PJ169,MO4989671,2700,-4.056666667,-79.89472222,54,20,4.1,1.56,0.9,0.2,5.07,2.35,3.14,3.07
paniculata,19,III,RR3379,MOUNM_RR3379,2300,-10.62361111,-75.29527778,77,25.67,2.46,1.33,0.93,0.3,5.07,1.97,5.51,5
paniculata,19,III,HS1748,MO2186797,2000,11.1,-74.03333333,79.33,27.83,3.82,1.39,0.74,0.25,5.02,2.45,3.09,2.93
paniculata,19,III,FZ248,MOUNM_FZ248,2068,-5.370194444,-79.57611111,50,20,4.32,1.16,0.77,0.27,5,2.36,3.1,2.8
paniculata,19,III,FZ245,MOUNM_FZ245,2045,-5.368166667,-79.57561111,56.67,19,3.23,1.51,1.05,0.24,4.97,2.6,3.25,3.2
paniculata,19,III,JW594,GH_JW594,2200,-6.216666667,-77.81666667,56.33,21,2.15,1.86,0.89,0.41,4.91,2.32,2.94,2.7
paniculata,19,III,FZ246,MOUNM_FZ246,2045,-5.368166667,-79.57583333,60.67,21.67,3.8,1.26,1.02,0.25,4.84,2.44,3.33,3.14
discolor,19,III,FZ84,ANDES_4,2776,4.984722222,-74.14694444,54.03,18.03,4.33,1.6,1,0.43,4.8,2.2,2.33,1.5
discolor,19,III,EK17990,NY_EK17990,2500,7.328611111,-72.91111111,48.67,17.67,3.16,1.77,1.18,0.65,4.76,2.85,2.6,2.1
paniculata,19,III,BR7415,US3126523,2470,10.21666667,-73,77.67,23,1.99,1.64,0.72,0.24,4.74,2.64,2.8,2.7
paniculata,19,III,AS14179,MO5708550,2200,-7.066666667,-77.91666667,66,17,3.26,1.32,0.6,0.3,4.73,2.26,2.7,2.6
paniculata,19,III,RK541,MO4593629,1650,8.865,-70.69444444,73.33,22,3.77,1.38,0.68,0.29,4.71,2.62,3,2.5
discolor,19,III,JC13460,US1851341,2880,7.232777778,-72.45,61.67,23.33,3.83,1.79,0.99,0.66,4.64,2.91,2.95,2.73
paniculata,19,III,JW11465,K175,2200,-17.79277778,-64.71555556,99,37,3.3,1.25,0.65,0.25,4.6,2.01,3.55,2.95
paniculata,19,III,DB56,MO3211954,1168,10.35,-67.04166667,83.67,24.33,3.93,1.29,0.64,0.21,4.51,2.53,3.2,2.8
paniculata,19,III,TC21834,MO2434767,2000,10.53333333,-66.87944444,75.33,26.67,3.62,1.38,0.58,0.23,4.51,2.6,2.97,2.87
paniculata,19,III,HG12283,US1933255,2500,4.879166667,-75.13277778,86.67,23.33,3.45,1.61,0.62,0.22,4.4,2.37,2.6,2.4
paniculata,19,III,FZ271,MOUNM_FZ271,2432,-16.27555556,-67.79180556,79.33,27,3.76,1.26,0.67,0.21,4.35,2.12,3,2.6
paniculata,19,III,JS127754,MO3213772,2100,10.45,-67.35,85.67,27,3.1,1.29,0.78,0.32,4.34,2.5,2.8,2.7
paniculata,19,III,EK17141,MO993735,2500,7.369444444,-72.90944444,73.33,25.67,2.23,1.6,0.77,0.26,4.29,2.83,2.52,2.31
paniculata,19,III,Hv_8023,MO3507018,1750,9.666666667,-70.41666667,84.33,24.33,3.14,1.31,0.57,0.23,4.15,2.27,2.6,2.5
paniculata,19,III,SY359,US1952530,2500,2.341944444,-76.4925,92.67,27,3.45,1.22,0.63,0.21,4.1,2.48,2.7,2.49
discolor,19,III,FZ83,ANDES_3,2776,4.955555556,-74.16388889,54.07,23,5.13,1.57,0.9,0.57,4.03,2.07,2.07,1.47
paniculata,19,III,LH18441,MO5695947,1800,-0.366666667,-78.8,66.67,25.33,3.15,1.42,0.67,0.19,4.02,2.26,2.17,2.16
paniculata,19,III,BH18666,F2141538,2000,9.483333333,-83.68333333,68,22.67,3.3,1.24,0.57,0.24,4.01,2.11,2.51,2.4
paniculata,19,III,FZ267,MOUNM_FZ267,2984,-16.30833333,-67.81366667,73.67,25.33,3.59,1.4,0.64,0.21,3.97,1.88,3.07,2.6
paniculata,19,III,JT2968,NY_JT3968,2300,11.11361111,-74.03416667,49,17.5,3.09,1.35,0.67,0.23,3.94,1.89,2.93,2.93
paniculata,19,III,AN394,ANDES_1,2700,4.898055556,-74.12194444,40.67,16.33,3.67,1.23,0.9,0.4,3.93,2,2.03,1.8
paniculata,19,III,AC13359,F1993095,2250,7.533333333,-72.45,74.33,25.33,2.86,1,0.66,0.2,3.85,2.2,2.08,1.9
paniculata,19,III,JC28192,US2585802,2300,9.316666667,-70.33333333,74,26.67,3.29,1.32,0.56,0.23,3.84,2.38,2.8,2.7
paniculata,19,III,VZ2355,MO3791653,2100,-0.216666667,-78.8,82.67,22,3.44,1.48,0.66,0.22,3.77,2.12,1.98,1.76
paniculata,19,III,EP5779,F1234495,1800,2.1875,-76.70222222,90,25,3.5,1.9,0.66,0.27,3.72,2.35,2.32,2.37
paniculata,19,III,HV4434,MOUNM_HV4434,1860,0.816666667,-78.13333333,90.67,26.33,3.16,1.5,0.66,0.22,3.72,1.95,2.75,2.3
paniculata,19,III,JS18731,MO4265187,2200,-16.11666667,-68.06666667,79.67,26,2.98,1.05,0.6,0.14,3.66,1.72,2.8,2.1
paniculata,19,III,PA6612,US3295163,2600,-17.21666667,-65.8,92.33,22.67,1.64,1.18,0.53,0.15,3.63,1.74,2.6,1.83
paniculata,19,III,FZ204,MOUNM_FZ204,3186,-13.18172222,-71.59766667,77.33,24,1.87,0.85,0.51,0.21,3.52,1.57,3.2,2.7
paniculata,19,III,FZ200,MOUNM_FZ200,3492,-13.35391667,-71.61519444,77.33,24.67,2.5,0.9,0.64,0.28,3.49,1.74,1.8,1.8
paniculata,19,III,GC1765,MO5863492,2150,-12.86666667,-72.53333333,83.33,23,2.29,0.87,0.55,0.18,3.49,1.52,2.6,2.32
paniculata,19,III,KV5689,MOUN_LV5689,2831,-12.46666667,-72,77.67,23.33,1.76,0.85,0.6,0.22,3.49,1.52,2.2,2
paniculata,19,III,CR1019,MO4940972,2000,3.516666667,-76.15,85,23.33,1.53,1.28,0.67,0.24,3.47,2.14,2.2,1.9
paniculata,19,III,BH6180,MO3603814,1200,8.633055556,-82.125,52,20,2.91,1.18,0.47,0.27,3.44,1.72,2.28,2.09
paniculata,19,III,FZ203,MOUNM_FZ203,3186,-13.18172222,-71.59766667,78,25,2.33,0.89,0.47,0.18,3.43,1.64,1.82,1.82
paniculata,19,III,LU4163,NY_LU4163,2400,5.833333333,-75.53333333,74,21.33,2.37,1.38,0.63,0.16,3.43,1.78,1.97,1.79
paniculata,19,III,MC1182,MO3587456,2100,9.416666667,-70.33333333,57.33,18.33,2.74,1.19,0.61,0.24,3.43,1.92,2.1,1.7
paniculata,19,III,GD19829,MO2992547,2300,10.1,-64.1,73,22.67,3.09,1.31,0.4,0.22,3.41,1.96,2.3,2.13
paniculata,19,III,FZ272,MOUNM_FZ272,2432,-16.27638889,-67.79222222,70.67,21.33,2.93,1.17,0.59,0.21,3.4,1.75,2.47,1.6
paniculata,19,III,EK20578,GH_EK20578,2800,7.383611111,-72.56305556,82,28.5,2.33,1.45,0.67,0.25,3.32,1.57,1.85,1.55
paniculata,19,III,FZ269,MOUNM_FZ269,2950,-16.31508333,-67.81222222,77.67,22.67,2.47,1.4,0.56,0.23,3.31,1.58,2.42,2.38
paniculata,19,III,Hv8197,MO3507020,2250,8.25,-71.55,64.33,18.67,1.1,1.02,0.29,0.19,3.31,1.62,1.86,1.76
paniculata,19,III,AG48084,MO3200527,2250,3.533333333,-76.6,64.33,27.17,2.43,1.4,0.59,0.2,3.27,2.06,2,1.9
paniculata,19,III,JP2912,MOUNM_JP2912,2002,-5.0925,-78.83944444,112,22.33,2.82,1.12,0.59,0.2,3.2,1.63,2.38,2
paniculata,19,III,JS10701,MO3218581,3000,-16.3,-67.81666667,90,29.2,2.3,1.01,0.66,0.21,3.2,1.55,2.32,1.23
paniculata,19,III,MW2000/891,F2229337,2200,-6.210277778,-77.71583333,90.33,25,3.48,1.15,0.57,0.22,3.13,1.9,2.2,1.8
paniculata,19,III,FZ270,MOUNM_FZ270,2790,-16.28611111,-67.80669444,77.67,26,2.27,1.33,0.49,0.15,3.07,1.63,3.05,2.62
paniculata,19,III,KY4092,F1980640,2300,-7,-77,87.67,25,3.09,1.22,0.51,0.3,3.04,1.55,2.12,1.8
paniculata,19,III,DN14917,MOUNM_DN14917,1900,-3.966666667,-79.06666667,69.33,22.33,3.12,1.25,0.55,0.2,3,1.73,2.6,2
paniculata,19,III,MD2620,MO3045849,1950,-9.55,-75.98333333,91.33,23,2.31,0.77,0.35,0.22,2.65,1.34,1.74,1.57
paniculata,19,III,RV25391,MO5863483,1500,-6.377222222,-77.50777778,111,28.83,3.19,0.97,0.42,0.26,2.51,1.55,2,1.75
paniculata,19,III,DN15369,MOUNM_DN15369,2570,-4.484444444,-79.13305556,77.67,27,0,0,0,0,0,0,,
paniculata,19,III,FZ202,MOUNM_FZ202,3186,-13.18172222,-71.59766667,84.33,28.33,0,0,0,0,0,0,,
paniculata,19,III,FZ266,MOUNM_FZ266,3020,-16.3,-67.8,90.67,31,0,0,0,0,0,0,,
paniculata,19,III,FZ268,MOUNM_FZ268,2970,-16.30888889,-67.81361111,102.67,31.33,0,0,0,0,0,0,,
paniculata,19,III,RS7875,US1988746,2500,1.1125,-77.4,96.67,32.67,0,0,0,0,0,0,,
resinosa,24,III,CD5089,MO2597943,2890,-17.68333333,-65.1,31.33,8.5,3.01,1.71,0.97,0.61,6.73,3.1,4.1,3.8
resinosa,24,III,JS15148,MO3413772,3500,-16.56666667,-67.75,32.67,8.33,2,1.83,0.99,0.76,6.6,2.95,4.5,4.21
piurensis,24,III,AS3821,F1684348,3230,-7.365833333,-79.01027778,35.67,10,3.7,1.55,0.98,0.53,6.5,3.39,4.65,4.35
resinosa,24,III,NA763,MOUNM_NA763,2860,-17.57611111,-66.27194444,24.33,7.67,1.99,1.79,0.69,0.45,6.44,3.13,4,3.3
piurensis,24,III,FZ239,MO6280719,2709,-7.328138889,-78.81075,34.33,11.83,2.83,1.83,1.03,0.55,6.43,3.51,4.3,3.7
resinosa,24,III,NR751,MO5689921,3020,-17.31083333,-66.29861111,20.67,6.17,2.24,1.93,1.01,0.44,6.31,2.91,3.7,3.3
resinosa,24,III,FZ165,MOUNM_FZ165,3698,-13.50130556,-71.98333333,44.67,9,2.1,1.75,0.9,0.48,6.22,3.28,3.6,3.2
resinosa,24,III,ML37126,MO5689929,3350,-16.96666667,-67.21666667,37,9.3,2.85,1.76,1,0.5,6,3.21,3.6,3.4
resinosa,24,III,JS15923,MO3684550,3200,-17.66666667,-65.15,23,7,2.72,1.61,0.8,0.42,5.93,2.74,4.1,3.75
resinosa,24,III,ML35050,MO4052295,3000,-16.91666667,-67.16666667,32,9,2.7,1.86,0.77,0.49,5.85,3.06,3.99,3.25
resinosa,24,III,FZ205,MOUNM_FZ205,3383,-13.21311111,-71.63272222,43,9.67,2.4,1.65,0.85,0.52,5.68,3.23,4,3.2
resinosa,24,III,FZ163,MOUNM_FZ163,3265,-13.50395833,-71.98066667,35.67,9.5,1.96,1.8,0.96,0.55,5.58,3.02,3.5,2.5
resinosa,24,III,DS10955,MO3303829,2879,-9.45,-77.85,33.33,12,3.48,1.8,0.92,0.56,5.56,3.4,3.7,3.8
resinosa,24,III,DS10236,MO3314959,3450,-9.633333333,-77.2,37.5,8.8,2.86,2.7,1.2,0.55,5.5,2.85,3.33,2.7
resinosa,24,III,CP1050,US1776355,2600,-2.861388889,-78.93555556,40.67,8.33,3.02,1.69,0.7,0.68,5.49,2.57,2.67,2.93
resinosa,24,III,FZ182,MOUNM_FZ182,3566,-13.17722222,-72.28988889,31,10.67,2.13,1.79,0.9,0.87,5.49,3,3.6,2.9
resinosa,24,III,FZ180,MOUNM_FZ180,3694,-13.16013889,-72.28025,45.33,10.33,2.75,1.9,0.96,0.87,5.48,3.4,3.86,3.46
resinosa,24,III,CO527,US1952577,3200,-11.72444444,-75.10694444,40.33,9.33,2.4,1.58,0.81,0.51,5.47,2.7,3.85,3.4
piurensis,24,III,AS10370,MO2977758,3300,-7.355277778,-78.90083333,25,11.12,3.2,1.8,0.8,0.5,5.45,3,3.1,3.2
resinosa,24,III,FZ310,MOUNM_FZ310,3045,-17.82777778,-64.78361111,35.33,9.33,2.06,1.7,0.82,0.4,5.41,2.89,3.7,3.3
resinosa,24,III,JW7805,K145,2900,-19.14611111,-65.32694444,26.67,6.67,2.36,1.46,0.88,0.45,5.36,2.89,3.11,3.07
piurensis,24,III,SL123,MO5788375,2500,-7.998055556,-78.64666667,24,9.67,4.08,1.61,0.73,0.47,5.3,3.05,3,2.7
resinosa,24,III,MC4122,US1986034,3200,-18.98277778,-65.36666667,26.67,5.67,2.71,1.44,0.9,0.58,5.28,2.77,3.9,3.6
resinosa,24,III,DS10599,MO3314954,3600,-9.016666667,-77.05,22.67,7,2.41,1.49,0.89,0.49,5.26,2.72,2.98,2.7
piurensis,24,III,FZ236,MO6280717,2709,-7.328138889,-78.81075,40.67,13.67,2.64,1.78,0.71,0.5,5.24,2.51,3.2,2.9
resinosa,24,III,DS3356,MO3413756,3400,-8.333333333,-78.08333333,33.67,8.33,3.27,1.89,1,0.59,5.2,2.89,2.92,2.99
resinosa,24,III,FP14405,US1340811,3200,-11.43361111,-76.60805556,38.33,12.67,4.06,1.86,0.92,0.9,5.14,2.87,3.5,3.1
resinosa,24,III,FZ167,MOUNM_FZ167,3317,-13.54269444,-71.94147222,41.33,9,2.37,1.74,0.89,0.48,5.13,2.91,3.8,3.4
resinosa,24,III,EBB6926,UC683109,3300,-13.38333333,-73.88333333,39,8,2.13,1.73,0.75,0.45,5.06,2.58,3.5,3
piurensis,24,III,FZ240,MO6280709,2709,-7.328138889,-78.81075,37,11.17,2.25,1.72,0.84,0.43,5.03,2.9,3,3
resinosa,24,III,EB572,MO6030395,2800,-21.48277778,-65.03277778,23.33,7.67,2.47,1.75,1,0.47,5,2.94,2.8,2
piurensis,24,III,FZ211,MO6280713,2818,-6.784972222,-77.93680556,44.67,12.67,2.3,1.68,0.9,0.55,4.95,2.45,3,3
resinosa,24,III,FZ183,MOUNM_FZ183,3566,-13.17722222,-72.28988889,31.67,10,1.73,1.7,0.95,0.63,4.93,3.03,3.2,2.3
resinosa,24,III,FZ174,MOUNM_FZ174,3553,-14.08213889,-71.36888889,41,7.67,2.35,1.47,0.8,0.47,4.79,2.36,2.82,2.55
resinosa,24,III,AG23305,MO27344002,3220,-14.47416667,-73.23972222,33,7,1.89,1.56,0.85,0.57,4.78,2.46,4.1,4
resinosa,24,III,FZ191,MOUNM_FZ191,2942,-13.29733333,-71.59694444,42.33,9.67,2.35,1.65,0.88,0.51,4.66,2.74,3.4,2.6
resinosa,24,III,MM2032,MO5689934,2250,-17.95,-65.31666667,25.67,7.33,2.06,1.22,0.73,0.52,4.61,2.37,2,1.74
resinosa,24,III,FW5273,MO1752070,2200,-9.805277778,-75.87638889,42,13,2.64,1.63,0.89,0.5,4.58,2.49,2.64,2.5
resinosa,24,III,FZ287,MOUNM_FZ287,2800,-17.84027778,-65.45,33,7.33,3.23,1.3,0.7,0.4,4.51,2.61,3,2.8
resinosa,24,III,HS10647,F1076429,3000,-13.6,-72.85,36.67,8,2.99,1.42,0.77,0.45,4.49,2.52,2.67,2.27
piurensis,24,III,FZ208,MO6280710,2818,-6.784972222,-77.93680556,37.33,10,0,0,0,0,0,0,,
piurensis,24,III,FZ209,MO6280715,2818,-6.784972222,-77.93680556,42,10.33,0,0,0,0,0,0,,
piurensis,24,III,FZ210,MO6280716,2818,-6.784972222,-77.93680556,42.67,12,0,0,0,0,0,0,,
piurensis,24,III,FZ237,MO6280714,2709,-7.328138889,-78.81075,41.33,12.67,0,0,0,0,0,0,,
piurensis,24,III,FZ238,MO6280718,2709,-7.328138889,-78.81075,33.33,11.67,0,0,0,0,0,0,,
resinosa,24,III,FZ162,MOUNM_FZ162,3629,-13.50383333,-71.9805,52.67,11,0,0,0,0,0,0,,
resinosa,24,III,FZ164,MOUNM_FZ164,3776,-13.48752778,-71.9905,44.33,9.33,0,0,0,0,0,0,,
resinosa,24,III,FZ166,MOUNM_FZ166,3350,-13.54597222,-71.943,41,8.67,0,0,0,0,0,0,,
resinosa,24,III,FZ173,MOUNM_FZ173,3553,-14.08213889,-71.36888889,41,7.67,0,0,0,0,0,0,,
resinosa,24,III,FZ175,MOUNM_FZ175,3553,-14.08213889,-71.36888889,38,6.67,0,0,0,0,0,0,,
resinosa,24,III,FZ185,MOUNM_FZ185,3212,-13.1985,-72.29644444,35.37,9.67,0,0,0,0,0,0,,
resinosa,24,III,FZ277,MOUNM_FZ277,3352,-17.79208333,-65.48758333,27.17,8.17,0,0,0,0,0,0,,
resinosa,24,III,FZ278,MOUNM_FZ278,3352,-17.79208333,-65.48758333,26,7.17,0,0,0,0,0,0,,
resinosa,24,III,FZ279,MOUNM_FZ279,3352,-17.79208333,-65.48758333,24,6.67,0,0,0,0,0,0,,
resinosa,24,III,FZ282,MOUNM_FZ282,3150,-17.81333333,-65.47305556,31.67,6.5,0,0,0,0,0,0,,
resinosa,24,III,FZ303,MOUNM_FZ303,2598,-17.84583333,-64.62666667,28.33,8.67,0,0,0,0,0,0,,
resinosa,24,III,FZ309,MOUNM_FZ309,3030,-17.82080556,-64.76797222,30,8.83,0,0,0,0,0,0,,
resinosa,24,III,FZ315,MOUNM_FZ315,3024,-17.75197222,-65.02422222,25.33,8,0,0,0,0,0,0,,
reticulata,25,III,IV1724,MY_IV1724,2050,-18.51666667,-64.09666667,71,21.67,4.95,1.57,0.63,0.2,4.2,2.33,2.65,2.63
reticulata,25,III,SB9811,L424,1600,-19.81138889,-63.71972222,74,28,6.26,1.69,0.69,0.24,4.17,2.7,2.66,2.73
reticulata,25,III,AL360,MOUNM_AL360,1540,-19.81444444,-63.71944444,75.67,26.67,4.64,1.63,0.66,0.3,3.95,2.62,2,2.05
reticulata,25,III,FZ299,MOUNM_FZ299,1858,-18.18077778,-63.84244444,62,20.33,4.82,1.53,0.64,0.22,3.9,2.26,2,2
reticulata,25,III,IV745,MO4403723,1450,-18.11666667,-63.61666667,58.33,26.33,5.32,1.68,0.65,0.22,3.73,2.36,2.25,2.2
reticulata,25,III,GH2022,MO4227451,1300,-18.18833333,-63.73333333,75.67,25.33,4.79,1.58,0.63,0.21,3.63,2.23,2.45,2.5
reticulata,25,III,MS4032,NY_MS4032,1300,-17.11666667,-63.61666667,55.67,27,5.27,1.56,0.51,0.19,3.58,2.25,1.93,1.94
reticulata,25,III,MS4946,MO4852036,1880,-18.08333333,-63.91666667,68.67,28.33,5.26,1.55,0.65,0.24,3.55,2.49,2.27,2.3
reticulata,25,III,AJ3357,MO5869029,2400,-17.81194444,-64.62722222,61.33,15,5.08,1.58,0.61,0.2,3.15,1.93,1.66,1.7
reticulata,25,III,JS8203,MO982829,1500,-18.16694444,-63.66138889,59.53,19.06,4.72,1.3,0.7,0.24,3.12,2.18,1.87,1.8
reticulata,25,III,RB19296,US3368790,2100,-18.75,-63.83333333,61.33,22,4.68,1.46,0.6,0.2,3.12,2.07,2,2
reticulata,25,III,AJ2794,NY_AJ2794,2400,-17.85605556,-64.35866667,62,22.33,0,0,0,0,0,0,,
reticulata,25,III,FZ293,MOUNM_FZ293,1707,-18.17491667,-63.83616667,70.67,24.33,0,0,0,0,0,0,,
reticulata,25,III,FZ294,MOUNM_FZ294,1701,-18.17619444,-63.83527778,80,23.67,0,0,0,0,0,0,,
reticulata,25,III,FZ295,MOUNM_FZ295,1885,-18.17577778,-63.82022222,76,24.33,0,0,0,0,0,0,,
reticulata,25,III,FZ296,MOUNM_FZ296,1868,-18.17641667,-63.82252778,73.67,27.33,0,0,0,0,0,0,,
reticulata,25,III,FZ297,MOUNM_FZ297,1701,-18.17875,-63.83052778,76,26.33,0,0,0,0,0,0,,
reticulata,25,III,FZ298,MOUNM_FZ298,1941,-18.17841667,-63.82230556,70,23.67,0,0,0,0,0,0,,
reticulata,25,III,FZ300,MOUNM_FZ300,1860,-18.18083333,-63.84244444,68.33,21,0,0,0,0,0,0,,
reticulata,25,III,FZ301,MOUNM_FZ301,1862,-18.18069444,-63.8425,78.33,24,0,0,0,0,0,0,,
reticulata,25,III,FZ302,MOUNM_FZ302,1877,-18.18083333,-63.84244444,65,22,0,0,0,0,0,0,,
schreiteri,29,III,MC5281,L622,2700,-19.05,-65.2,57.33,9.33,4.08,1.55,0.67,0.25,8.16,2.18,5.5,5.22
schreiteri,29,III,LN3807,MO3863137,1700,-24.71277778,-65.5,52.33,14.67,4.72,1.52,0.69,0.26,8.01,2.33,5.23,5.41
schreiteri,29,III,WB6793,NY_WB6793,2800,-17.33333333,-66.13333333,57.67,8.33,3.27,1.9,0.62,0.26,7.82,2.36,4.95,5.7
schreiteri,29,III,JS8624,MO982831,2800,-17.72638889,-65.15694444,66.5,10.25,2.83,1.59,0.66,0.22,7.68,2.55,4.7,4.98
schreiteri,29,III,NL58,MO5785606,1600,-17.85777778,-64.62694444,48.67,11.67,6.1,1.73,0.75,0.3,6.9,2.39,5.1,5.2
schreiteri,29,III,FZ313,MOUNM_FZ313,2885,-17.73861111,-64.9575,55.67,11.33,5,1.8,0.66,0.24,6.69,2.07,4.2,4.7
schreiteri,29,III,SB9352,L618,2400,-19.35,-64.25,47,9.17,3.93,1.53,0.69,0.26,6.63,2.47,4.5,4.82
schreiteri,29,III,FZ312,MOUNM_FZ312,2814,-17.73838889,-64.95744444,59.67,9.67,5.3,1.72,0.6,0.24,6.56,2.05,4.05,4.3
schreiteri,29,III,FZ314,MOUNM_FZ314,2954,-17.74319444,-64.97341667,54.33,10.33,5.08,1.71,0.69,0.25,6.51,2.17,4,4.2
schreiteri,29,III,JS10947,MO3218582,1850,-21.41666667,-64.28333333,49.67,9.33,5.3,1.55,0.61,0.27,6.49,2.13,4,4.2
schreiteri,29,III,FZ292,MOUNM_FZ292,2724,-17.84777778,-65.45361111,52.67,10.67,5.03,1.56,0.61,0.26,6.37,2.13,4.21,4.4
schreiteri,29,III,FV7657,NY_FV7657,1750,-24.875,-65.69583333,45,9.67,5.29,1.7,0.66,0.26,5.82,2.05,3.9,4.18
schreiteri,29,III,WR1529,F_WR1529,2800,-13.51666667,-72.56666667,42.33,11.17,3.37,1.67,0.7,0.25,5.68,2.83,3.4,3.9
schreiteri,29,III,FZ283,MOUNM_FZ283,2876,-17.83813889,-65.44902778,60.33,13.67,0,0,0,0,0,0,,
schreiteri,29,III,FZ284,MOUNM_FZ284,2876,-17.83833333,-65.44902778,62.67,12.67,0,0,0,0,0,0,,
schreiteri,29,III,FZ285,MOUNM_FZ285,2876,-17.83813889,-65.44916667,69,12.5,0,0,0,0,0,0,,
schreiteri,29,III,FZ286,MOUNM_FZ286,2757,-17.84027778,-65.45,63.33,13.33,0,0,0,0,0,0,,
schreiteri,29,III,FZ288,MOUNM_FZ288,2756,-17.84316667,-65.46086111,74,12.33,0,0,0,0,0,0,,
schreiteri,29,III,FZU10132A,MO6265710,1625,-24.89111111,-65.67555556,55.17,14.89,0,0,0,0,0,0,,
schreiteri,29,III,FZU10272,MO6274663,1670,-23.64833333,-64.93666667,61.69,16.17,0,0,0,0,0,0,,
schreiteri,29,III,FZU10403,MO6276789,2050,-21.45861111,-64.33833333,66.3,14.6,0,0,0,0,0,0,,
myrtilloides,17,IV,FZ193,MOUNM_FZ193,3445,-13.20111111,-71.64083333,19.67,10.33,5.67,2.93,3.65,3.97,16.18,4.76,9.9,10.5
myrtilloides,17,IV,AL7565,MO2272745,3800,-9.3725,-77.24166667,19,8,4.2,2.6,2.21,3.13,15.12,4.33,8.95,8
myrtilloides,17,IV,NL221,MOUNM_NL221,2900,-17.78916667,-64.71944444,18.67,10.67,4.4,2.9,2.73,4.03,14.27,4.35,10,10
myrtilloides,17,IV,LV5937,MOUNM_LV5937,3000,-12.55,-72,30.33,18,4.5,3.5,4,5,14.25,4.9,8.77,8.4
myrtilloides,17,IV,JB42556,MO5695960,3250,0.233333333,-78.16666667,17,7.67,2.47,2.07,2.14,3.23,13.1,4.23,8.8,8.3
myrtilloides,17,IV,WF547,MO5903730,3650,-13.255,-71.60555556,18.85,11.17,2.52,2.51,3.1,3.89,12.99,4.97,7.93,6.49
myrtilloides,17,IV,FZ195,MO6354367,3448,-13.20083333,-71.64055556,22.7,10.66,3,1.8,2.6,2.5,12.98,4.05,8.5,7.97
myrtilloides,17,IV,AF8711,MOUNM_AF8711,3300,-14.655,-68.96305556,19,7.33,4.33,2.31,2.36,3.07,12.9,4.99,8.2,8.13
myrtilloides,17,IV,FZ252,MOUNM_FZ252,2351,-5.38,-79.55722222,25.33,11.67,5.2,2.8,2.2,3.7,12.88,3.95,7.6,8.72
myrtilloides,17,IV,IS4874,F2146728,2500,-6.260277778,-78.69805556,19.67,10,2.11,2.61,2.75,3.15,12.66,4.63,8.7,8.4
myrtilloides,17,IV,JC24502,K210,3260,10.78222222,-73.5,17,7.33,1.5,1.77,2.04,2.79,12.48,3.97,6.55,6.6
myrtilloides,17,IV,JS52404,F1335237,3400,-0.206666667,-78.55416667,27,12.17,3.3,2.08,1.96,3.39,12.24,4.08,8,7.2
myrtilloides,17,IV,WD1937,MO3740306,3300,3.8,-75.93333333,18.28,10.36,2.85,2.63,3.63,3.63,12.18,5.36,7.73,6.9
myrtilloides,17,IV,AC3134,NY_AC3134,3500,4.566666667,-74.03333333,14.67,5,2.96,2.29,2.08,2.45,12.01,4.18,7.38,7.1
myrtilloides,17,IV,FZ192,MO6354369,3445,-13.20111111,-71.64083333,22.21,11.32,4.05,2.3,2,2.5,11.92,3.68,8.8,8.1
myrtilloides,17,IV,FZ253,MO6354134,2360,-5.38,-79.55722222,21.19,11.23,2.5,1.81,2,2.5,11.86,3.91,7,6.7
myrtilloides,17,IV,CU1449,MO6087458,2926,-2.937222222,-78.71166667,18.33,11,2.83,1.98,2.85,3.4,11.53,3.68,7.8,8.36
myrtilloides,17,IV,FZ213,MOUNM_FZ213,3398,-6.759444444,-77.88972222,16.67,8.83,2.91,2.16,2.35,3.47,11.46,3.63,7.64,7.54
myrtilloides,17,IV,TN78,NY_TN78,3750,-0.033333333,-78.25,11.67,7.5,2.6,2,2.12,3.3,11.43,3.65,6.2,6.1
myrtilloides,17,IV,ML38831,MO5689910,3300,-16.8,-67.28333333,17,7.67,3.92,2.15,2.65,3.05,11.35,4.03,7.3,7.45
myrtilloides,17,IV,AB3728,US2831869,3100,7.266666667,-72.91666667,14.33,7.33,1.83,2.14,1.57,2.1,11.12,3.86,6.8,6.5
myrtilloides,17,IV,JS17503,MO4052294,3700,-16.58333333,-67.71666667,8.89,4.82,2.3,1.84,1.72,2.15,10.82,3.35,7.02,5.49
myrtilloides,17,IV,GL3349,MO4852053,3000,-4.111111111,-79.17638889,23.67,10,3.2,2.4,2.7,2.8,10.77,3.26,8.83,8.75
myrtilloides,17,IV,FL7708,US1360190,3500,2.524722222,-76.18638889,19.33,8.17,2.29,2.03,1.64,2.9,10.45,3.95,5.3,6.09
myrtilloides,17,IV,AM8010,MOUNM_AM8010,3250,-10.2,-75.38333333,14,6.5,2.7,2.42,2.25,2.71,10.42,3.22,7.1,6.7
myrtilloides,17,IV,PHV7207,NY_PH7207,3370,-17.66666667,-70,10.67,4.33,2.33,2.09,1.67,2.55,10.28,3.63,7,7.67
myrtilloides,17,IV,RG102,F2176315,2520,9.879722222,-83.90833333,23.67,8.5,3.01,2.48,2.13,3.58,10.2,3.1,6,5
myrtilloides,17,IV,IH8484,MOUNM_IH8484,3800,-14.69277778,-71.2825,10,4.5,0.93,1.89,1.82,2.17,10.19,2.81,6.11,6.3
myrtilloides,17,IV,FZ328,MOUNM_FZ328,3827,-16.38944444,-71.44416667,14.67,5.83,1.32,1.99,1.87,2.57,10,3.52,6,6.6
myrtilloides,17,IV,DS10115,MO3314958,4100,-9.7,-77.31666667,6.68,3.93,1,2.05,1.45,2.87,9.95,3.1,5.01,3.78
myrtilloides,17,IV,PG560,US2322494,2900,6.416666667,-72.3,10.67,5.5,2.13,1.7,1.76,1.57,9.79,3.51,7,7
myrtilloides,17,IV,RO334,MOUNM_RO334,2900,10.12222222,-84.10138889,23.33,9.83,3.5,1.8,1.6,2.1,9.64,3.7,5.34,4.8
myrtilloides,17,IV,FZ169,MO6354357,3902,-14.0575,-71.33361111,11.51,4.54,2,2.3,1.7,2.5,9.6,2.8,6.3,6
myrtilloides,17,IV,FZ177,MOUNM_FZ177,3727,-13.1575,-72.27777778,15,6.67,1.73,2.42,1.55,2.74,9.49,3.77,6.71,6.7
myrtilloides,17,IV,JL12782,MO5695966,3750,1.116666667,-77.66666667,15.67,7.17,2.1,2,1.38,2.78,9.41,3.27,5.6,5.56
myrtilloides,17,IV,JC25054,F2154084,3100,10.36288889,-72.94913889,13.83,7.17,1.17,1.93,1.94,2.88,9.34,3.39,5.03,5
myrtilloides,17,IV,FZ263,MO6299012,3416,-16.31472222,-67.92416667,13.55,7.79,3.2,2.1,1.9,2.5,9.22,3.3,5.1,5.4
myrtilloides,17,IV,NR2822,MO5689916,3650,-17.26916667,-66.32777778,10.67,4.8,2.2,1.86,1.57,2.32,9.19,3.42,5.4,5.4
myrtilloides,17,IV,GD10288,NY_GD10288,3100,8.806666667,-82.53611111,17.33,7.33,3.1,2.77,1.6,3.57,9.15,3.28,5.5,5.5
myrtilloides,17,IV,LV854,MO5863474,3400,-12.94444444,-72.83888889,8.67,5.33,2.29,1.95,2.2,2.45,8.94,3.35,5.2,5.56
myrtilloides,17,IV,FZ181,MO6354365,3566,-13.17722222,-72.29,13.96,5.93,2.67,1.6,1.7,2.5,8.87,2.8,5.4,5.09
myrtilloides,17,IV,RW10639,F1674302,2700,10.18972222,-84.22972222,21.33,8,3.23,1.63,1.35,1.97,8.74,3.01,6,5.78
myrtilloides,17,IV,FZ176,MO6354361,3732,-13.15805556,-72.27805556,11.74,4.94,2,1.6,1.61,2.2,8.56,2.78,5.45,6
myrtilloides,17,IV,GL3124,MO4852042,3550,-3.723888889,-79.33638889,10.67,6.33,2.97,2.1,2.71,3.25,8.55,2.63,6.2,6.33
myrtilloides,17,IV,PJ92172,MO5050987,3450,-4.733333333,-79.41666667,8.83,4.5,2.9,2.6,1.76,2.2,8.48,2.65,5.4,5.6
myrtilloides,17,IV,FL4756,US1360264,3450,2.525,-76.18666667,8.67,4.83,2.07,1.7,1.55,2.46,8.38,2.82,5.15,5.79
myrtilloides,17,IV,FZ219,MOUNM_FZ219,3600,-6.744444444,-77.88055556,8.67,5.33,2.53,2.5,2.26,2.4,8.38,2.2,5.22,5.82
myrtilloides,17,IV,FG3239,NY_FG3239,3000,5.65,-73.31666667,10.83,4.67,1.28,1.87,1.66,1.97,8.37,2.85,5.1,5
myrtilloides,17,IV,LA2584,F1452311,3200,8.586388889,-71.005,14.33,8.17,1.5,1.7,1.38,2.26,8.25,3.13,4.6,4.52
myrtilloides,17,IV,FZ197,MOUNM_FZ197,3490,-13.19944444,-71.62472222,10.33,5.67,2.33,2.5,1.5,2.39,8.22,2.52,4.9,5.45
myrtilloides,17,IV,FZ184,MO6354364,3566,-13.17736111,-72.28972222,11.89,5.43,1.66,1.82,1.6,2.5,8.17,2.88,5.7,5.5
myrtilloides,17,IV,JB42865,MO4852043,3590,-1.116666667,-78.91666667,10.33,6.83,2.23,2.07,1.77,2.4,8.16,3.37,4,4.42
myrtilloides,17,IV,JW7766,K244,3400,-18.96666667,-65.4,10.33,5.83,1.97,1.72,1.55,1.75,8.08,2.89,4.8,5.1
myrtilloides,17,IV,FZ318,MOUNM_FZ318,3830,-16.19805556,-68.12222222,8.67,4.17,1.38,1.85,1.49,1.6,8.02,2.89,5,4.7
myrtilloides,17,IV,HS3834,L336,3550,-22.28333333,-64.86666667,8.33,5,2,1.9,1.5,2.1,7.97,2.65,5.4,5.6
myrtilloides,17,IV,BO8614,MO2809855,3700,0.333333333,-78,7.67,5.83,1.93,2,1.48,1.8,7.81,2.34,5.5,6.6
myrtilloides,17,IV,FZ170,MO6354358,3900,-14.05805556,-71.33361111,11.56,6.45,3,1.9,1.9,2.7,7.76,2.4,4.3,4
myrtilloides,17,IV,MD2942,F1927606,3550,-7.195277778,-78.57,6.83,3.83,1.26,2.05,1.62,2.29,7.7,3.12,4,4.26
myrtilloides,17,IV,JC27370,K216,3800,2.833333333,-76.2025,8.33,5,2.2,1.81,1.47,2.51,7.4,3.3,4.6,4.74
myrtilloides,17,IV,JC23138,F1368086,3800,4.798611111,-75.4175,9.67,5.17,1,1.7,1.8,2.3,7.34,2.61,5,5.5
myrtilloides,17,IV,FZ178,MO6354362,3697,-13.15638889,-72.27944444,12.55,6.83,2.42,1.95,1.73,2.63,7.3,2.5,4.9,4.3
myrtilloides,17,IV,CU1445,MO6087462,3319,-3.105,-79.21722222,8,4.83,3,2.2,2.7,3,7.24,2.73,4.06,4.6
myrtilloides,17,IV,FZ275,MOUNM_FZ275,3676,-17.7375,-65.51472222,9,4.83,1.5,2.15,1.66,1.88,7.08,3.29,4.7,4.4
myrtilloides,17,IV,RD2188,K229,3400,8.59,-71.01527778,11.33,5.83,1.5,1.65,1.7,2.35,6.43,2.3,4.8,4.62
myrtilloides,17,IV,JL13004,NY_JL13004,3700,4.7,-75.33333333,9,4.17,1,1.62,1.45,2.66,6.13,3.02,4,4.2
myrtilloides,17,IV,FZ86,ANDES_6,3197,5.001111111,-74.18305556,14,6.87,0,0,0,0,0,0,0,0
myrtilloides,17,IV,BH23603,MO6661345,2850,9.604083333,-83.82973056,19.99,8.98,0,0,0,0,0,0,,
myrtilloides,17,IV,FZ168,MO6354355,3806,-14.06388889,-71.3375,12.43,5.77,0,0,0,0,0,0,,
myrtilloides,17,IV,FZ171,MO6354359,3796,-14.06527778,-71.33861111,13.21,5.54,0,0,0,0,0,0,,
myrtilloides,17,IV,FZ172,MO6354360,3796,-14.06530556,-71.33875,12.09,5.26,0,0,0,0,0,0,,
myrtilloides,17,IV,FZ179,MO6354363,3694,-13.16027778,-72.28027778,13.68,5.51,0,0,0,0,0,0,,
myrtilloides,17,IV,FZ194,MO6354366,3445,-13.20138889,-71.64083333,19.87,10.7,0,0,0,0,0,0,,
myrtilloides,17,IV,FZ201,MO6354356,3489,-13.20361111,-71.61444444,25.68,13.93,0,0,0,0,0,0,,
myrtilloides,17,IV,FZ250,MO6354135,2353,-5.380555556,-79.55694444,25.91,13.2,0,0,0,0,0,0,,
myrtilloides,17,IV,FZ321,MO6265703,3835,-16.11,-68.074,8.86,5.4,0,0,0,0,0,0,,
polifolia,22,IV,PHV5511,MO01833697,3100,-6.711944444,-77.75666667,19.06,2.65,6.5,2.81,5.55,4.72,15.74,3.77,10.06,6.88
polifolia,22,IV,JL11384,MO5000284,3000,-6.75,-77.8,19.5,2.45,4.85,3.45,3.5,5.71,13.73,3.77,8.16,6.15
polifolia,22,IV,JB1810,MO5000282,3500,-6.741666667,-77.87333333,18.75,2.27,4.7,4.2,5.51,6.95,13.47,3.64,8.89,6
polifolia,22,IV,JL5574,MO5000285,2900,-6.749722222,-77.77194444,19.08,3.19,2.46,2.9,3.9,5.51,12.9,3.47,8.1,7.9
polifolia,22,IV,FZ225,MO6280699,3170,-6.713333333,-77.85361111,17.98,2.38,3.23,4.08,3.55,3.62,12.51,3.31,8.11,7
polifolia,22,IV,FZ226,MO6280700,3170,-6.713055556,-77.85333333,16.03,2.9,2.15,3.19,2.86,3.36,12.17,3.78,7.32,7.09
polifolia,22,IV,FZ224,MO6280712,3170,-6.713055556,-77.85277778,17.62,3.18,3.82,3.88,3.56,3.96,11.98,3.63,6.98,7.2
polifolia,22,IV,FZ223,MO6280711,3170,-6.712777778,-77.85361111,16.77,3.84,3.19,3.92,4.03,4.81,11.37,3.25,6.1,5.9
polifolia,22,IV,DS4998,MO5000283,3000,-6.75,-77.8,13.8,2.51,3.37,3.8,3.45,3.79,9.24,2.4,6.49,5.46
florida,7,V,FZ451,MO6294768,1156,-38.57777778,-71.6225,24.19,8.02,2.55,2.18,1.19,1.35,9.65,2.69,5.8,6
florida,7,V,FZ452,MO6294766,1156,-38.57777778,-71.62263889,22.03,6.25,2.63,1.88,1.07,1.3,9.37,2.81,6.22,6.49
florida,7,V,FZ438,MOUNM_FZ438,1164,-38.57777778,-71.62277778,23,6,2.35,1.94,1.18,1.03,9.22,2.73,5.7,5.7
florida,7,V,FZ436,MO6294774,1149,-38.5775,-71.62277778,27.4,7.34,2.75,2.18,1.32,1.13,8.95,2.15,5,4.95
florida,7,V,FZ437,MO6294776,1149,-38.5775,-71.62291667,31.45,7.75,2.5,2.55,1.37,1.35,8.95,2.55,5,5.95
florida,7,V,FZ448,MO6294765,1156,-38.57777778,-71.62222222,21.06,5.9,3.25,2.4,1.29,1.4,8.78,2.86,5.66,5.82
florida,7,V,FZ449,MO6294763,1156,-38.57777778,-71.62236111,23.56,5.88,2.75,2.27,1.16,1.41,8.74,2.55,6.1,6
florida,7,V,FZ450,MO6294764,1156,-38.57791667,-71.62222222,23.17,6.03,2.79,2.34,1.35,1.32,8.61,2.59,4.6,4.8
florida,7,V,FZ433,MO6294772,1070,-38.5775,-71.62597222,18.89,3.67,3.11,1.97,0.99,1.12,7.23,2.63,4.72,4.98
florida,7,V,FZ453,MO6294767,1114,-38.57722222,-71.62333333,18.16,3.17,2.6,2.15,1.18,1.23,6.59,2.13,4.2,4.83
florida,7,V,FZ432,MO6294771,1070,-38.5775,-71.62583333,22.69,3.42,2.53,1.97,1.37,1.16,6.54,2.29,4.4,4.83
florida,7,V,OZ2302,L172,2000,-37.28305556,-71.71666667,21.33,3.67,2.07,2.6,1.34,1.27,6.48,2.61,4.04,3.26
florida,7,V,FZ435,MO6294775,1121,-38.57722222,-71.62361111,20.6,4.29,2.05,1.86,1.26,1.07,6.47,2.79,3.8,3.78
florida,7,V,FZ431,MOUNM_FZ431,1055,-38.57694444,-71.62888889,18,3,2.77,1.55,1.19,0.88,6.11,2.19,3.81,3.86
florida,7,V,MG4975,E70506,800,-37.78333333,-72.81666667,16,3.33,1.81,1.77,0.97,0.87,5.81,2.1,3.97,4
florida,7,V,PB838,E182579,624,-37.60944444,-72.77444444,17,4.67,1.6,1.7,1.01,0.79,5.77,2.24,3.51,3.62
florida,7,V,PB835,E182582,624,-37.6095,-72.7745,16.67,4.17,1.56,1.64,0.91,0.77,5.67,2.03,3.59,3.59
florida,7,V,MG5549,E70456,1040,-37.71666667,-71.21666667,19.33,3,1.9,2.07,0.88,0.89,5.61,2.27,3.31,3.3
florida,7,V,GM2701,GH_GM2701,1150,-38.54722222,-71.67722222,17.67,3.33,1.83,1.83,1.17,1.1,5.59,2.2,3.4,3.6
florida,7,V,FZ434,MO6294773,1100,-38.57722222,-71.62555556,20.44,3.2,2.35,1.79,1.08,1.1,5.55,2.25,3.53,3.68
florida,7,V,PB479,E9935,1150,-37.3975,-71.49416667,19.33,3.33,2.03,2.5,1,1.15,5.42,2.19,3.34,3.35
florida,7,V,EPIII64,L174A,1200,-37.3,-71.95,19.5,3,1.9,1.9,0.8,0.8,5.4,2.36,3.31,3.3
florida,7,V,FZ429,MO6294769,1049,-38.57694444,-71.62888889,18.81,3.71,0,0,0,0,0,0,,
florida,7,V,FZ430,MO6294770,1055,-38.57694444,-71.62902778,20.5,3.47,0,0,0,0,0,0,,
leucantha,14,V,FZ390,MO6205558,132,-37.68152778,-73.28902778,37.23,13.35,3.09,1.41,1.07,0.97,8.02,2.55,5.07,5.71
leucantha,14,V,HG1490.4,GH_HG1490.4,150,-39.88055556,-73.43333333,31,9.33,1.27,1.69,0.8,0.59,7.43,2.39,5.15,5.15
leucantha,14,V,FZ383,MOUNM_FZ383,707,-37.81305556,-73.13722222,27.67,10.67,2.18,2.09,1.37,1.14,7.42,2.65,5.2,4.9
leucantha,14,V,FZ389,MO6205557,132,-37.68138889,-73.28888889,30.41,11.07,2.77,1.46,0.96,0.86,7.35,2.51,4.7,5.1
leucantha,14,V,FZ387,MO6205556,702,-37.80722222,-73.15388889,27.8,11.69,2.74,1.46,1.06,0.85,7.32,2.44,4.82,5
leucantha,14,V,APs.n.,L274,50,-41.63333333,-73.55,22,8,1.4,1.48,0.81,0.77,6.65,2.41,4.8,4.6
leucantha,14,V,FZ363,MO6205555,773,-37.78527778,-72.8175,10.73,3.29,1.53,1.54,1.1,0.91,6.51,2,3.8,3.3
leucantha,14,V,FZ368,MO6205553,775,-37.60208333,-72.80108333,12.91,3.78,1.61,1.4,1.14,0.9,6.5,1.95,3.96,4.3
leucantha,14,V,CJ5993,US1444256,300,-37.95,-73.33333333,17.33,7,1.06,1.37,0.75,0.53,6.42,2.17,4.44,4.5
leucantha,14,V,R1225,RSA450676,200,-37.11666667,-73.13916667,26.33,9.67,1.08,1.25,0.87,0.86,6.34,2.15,4.46,4.62
leucantha,14,V,FZ362,MO6205552,773,-37.76861111,-72.80083333,11.76,3.28,1.99,1.82,1.01,0.74,6.32,1.99,3.7,3.6
leucantha,14,V,FZ367,MO6205554,775,-37.60194444,-72.80097222,13.29,3.7,1.59,1.68,1.16,1.08,6.31,2.06,4,4.3
leucantha,14,V,HC988,E70529,300,-39.58333333,-72.25,26.33,11,1.36,1.4,0.89,0.91,6.19,2.35,4.1,4.3
leucantha,14,V,FZ385,MO6205559,707,-37.81305556,-73.14069444,25.89,9.77,3.08,1.65,1.26,1.01,5.88,1.94,2.9,3.2
leucantha,14,V,CJ1848,US1122249,100,-38.86666667,-73.29972222,22.67,7,1.06,1.53,0.7,0.55,5.85,2,3.8,3.9
leucantha,14,V,FZ384,MO6205561,706,-37.81277778,-73.1375,21.87,9.02,2.41,1.72,1.25,0.95,5.83,2.06,3.7,4
leucantha,14,V,TKsn,E70507,150,-39.87916667,-73.43333333,15.67,5.67,1.16,1.34,0.77,0.74,5.78,2.07,3.8,3.88
leucantha,14,V,WL606,L634,200,-39.96666667,-72.66666667,16,5.33,1.67,1.47,0.77,0.68,5.68,1.91,4,3.8
leucantha,14,V,TP14306,MO5695933,180,-42.70611111,-73.91666667,20.67,7.33,1.6,1.4,0.85,0.69,5.59,2.04,4,4.13
leucantha,14,V,Bs.n.,MO01029354,50,-40.25972222,-73.08333333,25.11,10.64,1.45,1.14,0.83,0.7,5.46,1.7,3.76,3.59
leucantha,14,V,EK2349,US2104905,520,-38.36666667,-72,19.67,7.33,1.5,1.43,0.8,0.58,5.39,2.12,3.7,3.84
leucantha,14,V,FZ100,MOUNM_FZ100,171,-39.96055556,-73.34777778,27,8.67,0,0,0,0,0,0,,
leucantha,14,V,FZ116,MOUNM_FZ116,90,-39.99833333,-73.00055556,20,8,0,0,0,0,0,0,,
leucantha,14,V,FZ382,MO6205562,707,-37.81305556,-73.13722222,27.33,11.28,0,0,0,0,0,0,,
revoluta,26,V,CJ1847,US1122248,100,-38.86666667,-73.29972222,42.67,14,2.3,1.62,1.17,1.47,15.02,3.3,9.95,10.5
revoluta,26,V,PB1175,E182302,424,-35.66636111,-71.25133333,39.67,19.33,3.52,1.54,1.48,1.62,14.51,3.09,9.45,10.08
myrtoidea,26,V,OZ9278,MO5681278,2000,-34.95,-70.43333333,37,18.67,1.43,1.49,1.1,1,14.45,2.83,10.7,10.93
revoluta,26,V,MG4676,E27348,250,-36.83333333,-72.68333333,38,18.67,2.94,1.5,1.55,1.95,14.29,2.8,10,10.7
revoluta,26,V,FZ491,MO6296751,438,-35.65194444,-71.25138889,33,18.33,2.23,1.3,1.19,1.52,13.63,3.1,9.75,10.14
revoluta,26,V,MG5475,E70460,750,-34.98333333,-70.76666667,34.67,18.33,2.18,1.5,1.36,1.55,13.59,2.55,8.81,9.02
revoluta,26,V,PB455,E43589,1000,-37.39416667,-71.44305556,38.33,18.67,2.13,1.67,1.12,1.53,13.13,2.92,10.13,10.4
revoluta,26,V,PB487,E96270,670,-37.81083333,-72.89694444,31.67,20,2.24,1.73,1.51,1.56,13.12,2.48,9.6,10.06
revoluta,26,V,Bs.n.,MO1031263,140,-32.53333333,-71.45,45.67,25.67,2.33,1.67,1.41,1.94,13.07,2.94,9.02,10
revoluta,26,V,FZ360,MO6274491,375,-37.64833333,-72.75972222,36.69,14.98,3.9,1.55,1.71,2.28,12.92,2.88,8.66,8.96
myrtoidea,26,V,FZ497,MO6293530,342,-35.92055556,-71.36777778,40.67,18.67,2.46,1.58,1.43,1.81,12.74,2.57,9.5,10
revoluta,26,V,MG5444,E70461,800,-33.06666667,-70.95,41.33,21.33,2.5,1.65,1.28,0.95,12.69,3.1,9.3,9.7
revoluta,26,V,FZ495,MO6274496,437,-35.64777778,-71.25527778,26.14,13.45,3.82,1.44,1.3,1.57,12.4,2.65,8.5,8.8
revoluta,26,V,QH526,MO5181866,500,-38.66666667,-72,36.67,19.33,1.92,1.66,1.39,1.77,12.05,2.3,9.1,9.71
revoluta,26,V,LL4440,MO3485939,200,-36.91666667,-72.66666667,36,17.33,2.34,1.35,1.3,1.8,11.94,1.8,8.25,8.55
revoluta,26,V,EW361,MO00920046,190,-39.68333333,-72.35,32.81,12.8,3.1,1.13,1.4,1.4,11.68,2.55,8.65,8.1
revoluta,26,V,FZ359,MO6296752,399,-37.63666667,-72.78555556,46.33,20.5,2.03,1.52,1.26,1.83,11.62,2.47,9.3,9.53
revoluta,26,V,MG5084,E70462,116,-32.56666667,-71.45,45,21.33,1.8,1.58,1.25,1.55,11.51,2.52,8.65,9.58
myrtoidea,26,V,OB6473,MO1638151,1200,-33.00222222,-71.00611111,44,20,1.25,2.07,1.5,1.2,11.43,2.03,7.29,7.35
revoluta,26,V,OZ8726,MO2403167,880,-31.97777778,-71.45,33.67,18.67,2.32,1.29,1.37,1.03,11.38,2.54,7.56,8
myrtoidea,26,V,MG5492,E70474,750,-34.98361111,-70.76666667,51.67,23.67,2.45,1.48,1.02,0.7,11.36,2.4,9.3,9.78
myrtoidea,26,V,FZ542,MO6293531,920,-33.72972222,-70.47083333,37.33,15.33,1.78,1.65,1.21,0.98,11.3,2.85,7,7.4
myrtoidea,26,V,PB71,E96332,1470,-35.9125,-70.64277778,32,20.33,2.22,1.67,1.47,1.4,11.3,2.54,8.49,8.5
revoluta,26,V,EK5372,L431,20,-31.87583333,-71.48333333,44,16.67,1.73,1.52,1.39,1.44,11.28,2.17,8.5,9.04
myrtoidea,26,V,MG5137,E70473,1270,-33.33333333,-70.36666667,45.67,25.67,1.27,1.49,1.13,0.88,11,2.55,7.1,7.6
revoluta,26,V,MG300,E158532,758,-35.86516667,-71.12013889,49.33,19.33,2.2,1.29,1.22,1.14,10.92,1.93,9.2,9.5
myrtoidea,26,V,YM7858,MO1164437,1240,-35.04888889,-70.56916667,38.51,16.49,1.6,1.7,1.4,1.15,10.81,2.07,6.95,6.5
myrtoidea,26,V,FZ544,MO6293542,920,-33.73,-70.47111111,47.4,20.69,2.2,1.29,1.38,0.84,10.75,2.45,8.3,9.54
myrtoidea,26,V,FZ496,MO6293543,342,-35.92083333,-71.36777778,34.5,16.19,3.2,1.18,1.5,1.59,10.35,2.4,7.5,8.2
revoluta,26,V,FZ499,MO6274500,266,-35.63638889,-71.48361111,32.57,15.39,2.57,1.36,1.39,2.02,10.22,2.36,7.3,8.1
myrtoidea,26,V,OZ5577,L355,1000,-29.96666667,-70.93333333,31.67,18.67,2,1.51,1.02,0.63,9.83,2.33,7.33,7.5
revoluta,26,V,MG6977,E182552,1,-39.87702778,-73.16116667,33.67,14,1.98,1.73,0.92,1.1,9.5,2.5,6.41,6.86
revoluta,26,V,CT11000,MO5102015,900,-35.84777778,-71.25,42.33,20.67,2.29,2.1,1.6,1.6,9.4,2.1,7,7.32
myrtoidea,26,V,FZ543,MO6293541,920,-33.72944444,-70.47083333,35.99,17.93,1.98,1.31,1.21,0.57,9.37,2.47,5.2,6
myrtoidea,26,V,PB644,E9938,1700,-33.32333333,-70.3175,34.33,16,1.7,1.48,1.1,0.95,9.13,2.33,6.5,6.8
myrtoidea,26,V,MG532,E158711,811,-36.57869444,-71.45505556,48.67,23.33,1.47,1.35,0.96,0.82,8.38,1.81,6,6.53
myrtoidea,26,V,MG384,E158580,811,-36.57866667,-71.45508333,72,26,2.39,1.27,0.97,0.74,8.3,1.76,6.5,7.5
myrtoidea,26,V,MG381,E158577,811,-36.57869444,-71.45508333,56.33,23,1.12,1.52,1.05,0.77,7.65,2.17,5.3,5.9
myrtoidea,26,V,MG568,E158700,485,-37.67927778,-73.22727778,50.67,20.67,2.72,1.5,0.83,0.76,7.5,2.3,5.8,6.04
myrtoidea,26,V,FZ120,MO6293526,954,-33.72916667,-70.47055556,31.43,14.12,0,0,0,0,0,0,,
myrtoidea,26,V,FZ126,MO6293532,1650,-32.99305556,-71.02944444,34.67,21.33,0,0,0,0,0,0,,
myrtoidea,26,V,FZ330,MO6293533,1945,-33.31055556,-70.32527778,38.41,18.66,0,0,0,0,0,0,,
myrtoidea,26,V,FZ333,MO6293544,2034,-33.30055556,-70.31805556,30.25,17.22,0,0,0,0,0,0,,
myrtoidea,26,V,FZ346,MO6293534,2102,-33.29944444,-70.31777778,32.74,18.54,0,0,0,0,0,0,,
myrtoidea,26,V,FZ347,MO6293536,2086,-33.30027778,-70.31777778,35.42,17.24,0,0,0,0,0,0,,
myrtoidea,26,V,FZ348,MO6293535,2060,-33.30277778,-70.31972222,30.87,16.58,0,0,0,0,0,0,,
myrtoidea,26,V,FZ349,MO6293537,1989,-33.30583333,-70.32055556,42.27,18.79,0,0,0,0,0,0,,
myrtoidea,26,V,FZ350,MO6293538,1989,-33.30597222,-70.32055556,36.69,19.45,0,0,0,0,0,0,,
myrtoidea,26,V,FZ351,MO6293540,1943,-33.315,-70.32555556,44.16,23.53,0,0,0,0,0,0,,
myrtoidea,26,V,FZ352,MO6293539,1901,-33.31777778,-70.32555556,39.27,19.96,0,0,0,0,0,0,,
myrtoidea,26,V,FZ91,MO6293529,1892,-33.32111111,-70.32666667,40.04,22.68,0,0,0,0,0,0,,
myrtoidea,26,V,FZ93,MO6293528,2089,-33.30333333,-70.31972222,33.19,16.39,0,0,0,0,0,0,,
myrtoidea,26,V,PB500,E96352,120,-37.68083333,-73.295,58,22,0,0,0,0,0,0,,
revoluta,26,V,FZ125,MO6296753,1642,-32.99583333,-71.02944444,38.67,20.67,0,0,0,0,0,0,,
revoluta,26,V,FZ365,MO6274490,773,-37.60194444,-72.80083333,37.03,15.48,0,0,0,0,0,0,,
revoluta,26,V,FZ413,MO6274495,781,-37.39305556,-71.45694444,33.08,16.16,0,0,0,0,0,0,,
revoluta,26,V,FZ454,MO6274492,664,-38.34777778,-71.84916667,29.59,16.41,0,0,0,0,0,0,,
revoluta,26,V,FZ501,MO6274486,530,-36.60055556,-71.46916667,33.5,19.99,0,0,0,0,0,0,,
revoluta,26,V,FZ503,MO6274488,529,-36.60027778,-71.46916667,31.37,15.91,0,0,0,0,0,0,,
rubra,27,V,OZ8860,MO2392535,45,-40.58972222,-73.7375,51.33,29.5,5.1,2,1.8,1.9,17.8,3.5,11.75,11.87
rosea,27,V,FZ478,MO6276173,1660,-35.59666667,-71.0175,37.74,19.75,3.24,2.1,1.38,2.03,17.46,2.75,12.4,12.65
rubra,27,V,PB260,E9923,8,-42.82,-72.7275,51.33,22.67,8.43,2.17,2.07,2.12,16.84,4.88,10.21,10.7
rosea,27,V,MG86,E158564,1341,-35.46583333,-70.97638889,51,24.33,5.05,2.14,1.58,2.11,16.57,3.2,12.6,13
rosea,27,V,FZ428,MO6276182,1091,-38.57916667,-71.6275,47.71,22.19,3.22,2.11,1.33,2.8,16.29,3.01,12.54,12.93
rubra,27,V,CC2,MOUNM_CC2,10,-41.39527778,-73.83333333,39.33,28,5.25,2.15,2,2.3,16.23,5.34,10.8,12.4
rosea,27,V,FZ466,MOUNM_FZ466,1328,-35.46611111,-70.97725,46,21.83,5.04,1.95,1.27,1.74,15.85,2.86,11.7,13.35
rosea,27,V,FZ464,MOUNM_FZ464,1328,-35.46611111,-70.97722222,50.67,22.67,4.06,2.03,1.56,1.83,15.83,2.87,11.85,12.39
rosea,27,V,MG296,E158533,1374,-35.85622222,-71.09552778,34.67,18.33,5.92,2.01,1.49,1.87,15.8,3.09,12.05,12.2
rosea,27,V,FZ467,MO6276167,1329,-35.46583333,-70.97722222,55.85,30.19,4.57,2.13,1.27,2.85,15.71,2.81,10.5,11.7
rubra,27,V,HGs.n.,MO1023161,100,-39.86666667,-73.43333333,40.33,19,4.96,2.08,1.75,1.65,15.59,3.76,10.26,10.75
rosea,27,V,FZ395,MOUNM_FZ395,1662,-36.9075,-71.41138889,41.33,14.5,4.88,1.79,1.3,2.52,15.47,3.25,11.4,11.4
rosea,27,V,TP14215,MO5695684,500,-38.32638889,-72.06138889,45,17,5.11,2,1.73,2.1,15.42,2.93,11.75,13.06
rosea,27,V,FZ392,MOUNM_FZ392,1472,-36.91805556,-71.42805556,49.33,17.83,4.24,1.82,1.3,2.02,15.39,3.23,12.3,12.3
rosea,27,V,FZ477,MOUNM_FZ477,1661,-35.59666667,-71.0175,47.67,22.33,3.37,1.93,1.42,2.09,15.37,3.15,10.9,12.7
rubra,27,V,EK1038,US2104900,51,-39.39583333,-73.22111111,54.33,23.17,5.8,1.97,1.92,2.03,15.21,3.79,10.39,10.4
rosea,27,V,FZ394,MOUNM_FZ394,1662,-36.9075,-71.41138889,32.33,10.67,4.7,1.82,1.43,2.84,15.19,3.16,11.5,12
rosea,27,V,FZ457,MOUNM_FZ457,1068,-38.25333333,-71.74861111,28.33,10.67,4.95,2.13,1.39,1.77,15.1,2.92,10.7,11.56
rubra,27,V,HM81,US1619433,50,-41.885,-73.88472222,47.67,29.33,5.37,2.33,2.18,1.91,15.04,3.76,9.9,10.9
rubra,27,V,FZ97,MOUNM_FZ97,27,-39.96472222,-73.56916667,32.5,17,6.69,2.1,1.7,1.65,14.76,4.63,8.8,9
rosea,27,V,MG291,E158505,1374,-35.85619444,-71.09555556,36.33,16,5.2,2,1.06,1.61,14.62,2.55,11.6,12.1
rubra,27,V,JW3985,MO1165879,200,-33.1,-71.68333333,36,15.33,15.43,1.6,1.39,3.2,14.54,3.35,10.71,11.05
rosea,27,V,MG85,E158663,1341,-35.46580556,-70.97641667,45,21,4.28,1.98,1.54,1.87,14.51,2.5,11.5,11.73
rubra,27,V,LL5968,MO5695682,100,-33.33333333,-71.66805556,32.22,14.8,8.3,1.52,1.55,1.92,14.5,3.5,11,11.4
rubra,27,V,PHV850,F1470209,54,-38.81055556,-73.39222222,58.33,25,6.7,1.97,2,2.3,14.4,4,8.92,9
rubra,27,V,HC80,MO1620579,31,-33.05,-71.60111111,30.67,10,11.09,1.71,1.4,2.2,14.2,2.74,10.2,10.8
rosea,27,V,MG4409,E22959,1500,-35.5,-71.16666667,35,12.5,3.51,1.75,1.26,1.12,14.15,3.14,10.8,10.9
rubra,27,V,FZ119,MOUNM_FZ119,954,-33.72916667,-70.47055556,30.67,11.67,6.64,1.8,1.45,2.79,14.13,3.21,11.5,11.2
rosea,27,V,FZ456,MO6276179,1056,-38.28666667,-71.77222222,27.73,11.55,3.33,1.47,1.16,1.65,13.8,2.61,9.13,9.31
rubra,27,V,FZ106,MOUNM_FZ106,62,-41.22638889,-72.63833333,37.33,15.33,7.29,2.35,1.8,2.28,13.8,3.81,8.85,9.6
rubra,27,V,FZ107,MO6274471,201,-39.49555556,-72.15416667,51.88,21.98,10.77,2.97,1.19,5.01,13.8,4.04,8.8,9.2
rosea,27,V,FZ470,MOUNM_FZ470,1312,-35.46916667,-70.97222222,37.67,17.67,6.58,1.96,1.18,1.51,13.78,2.15,11.4,11.6
rubra,27,V,PHV75,GH_PH75,400,-40.3425,-72.2475,37.67,11.83,6.28,2.04,2.07,2.77,13.73,3.37,10,11.19
rubra,27,V,FZ440,MOUNM_FZ440,1166,-38.57777778,-71.62305556,27,11,5.47,1.64,1.42,1.54,13.7,2.74,10.37,10.47
rubra,27,V,PB368,E96278,150,-41.21527778,-72.6825,50,23,6.8,2.38,2.02,2.3,13.69,3.41,9.7,9.9
rubra,27,V,LL4342,MO3408928,80,-33.33333333,-71.66666667,26.67,10.33,14.11,1.6,1.35,2.1,13.48,2.65,10.1,10.5
rosea,27,V,FZ426,MO6276181,798,-38.53944444,-71.67583333,25.24,7.94,2.56,2.26,1.49,2.21,13.45,2.57,10.2,10.46
rubra,27,V,OB6527,MO1639483,111,-33.140195,-71.703905,22.57,8.57,10.34,1.62,1.38,1.44,13.41,2.9,9.87,10.47
rubra,27,V,PHV317,E236138,700,-40.68361111,-71.7,42.67,20.5,10.37,1.9,1.59,2.02,13.4,3.35,9.65,10.01
rubra,27,V,FZ441,MO6274473,1130,-38.57777778,-71.6225,27.06,9.23,4.17,2.51,1.72,2.05,13.34,2.94,9,10.34
rubra,27,V,OB6523,MO1640677,170,-33.28527778,-71.64361111,23,10,16.1,1.8,1.35,2.2,13.29,2.51,9.27,9.1
rosea,27,V,FZ427,MOUNM_FZ427,798,-38.53944444,-71.67583333,36.33,11.33,4.56,1.84,1.36,1.9,13.24,2.23,10.2,10.6
rubra,27,V,JB32862,BR934953,50,-51.66666667,-72.53333333,27.33,10.33,5,1.97,1.63,1.95,13.23,3.27,9.55,10
rosea,27,V,CT10396,MO3925189,300,-37.66666667,-73,28.67,9,6.8,1.91,1.42,2.9,13.13,3.31,9.18,9.2
rubra,27,V,AS2882,L480,800,-42.86055556,-71.58138889,41,19.83,7.23,2.22,1.88,2.78,13.02,2.81,9.5,9.62
rubra,27,V,OZ9429,MO2573358,100,-33.26666667,-71.65,25,11,8.95,1.7,1.3,1.4,12.78,2.83,9.52,9.48
rubra,27,V,JW4704,MO1166097,100,-41.2,-72.55,44.33,18.33,6.21,2.05,1.75,2.66,12.76,3,9.51,9.81
rosea,27,V,FZ379,MOUNM_FZ379,984,-37.81,-73.05666667,25,10.33,4.22,1.75,1.05,1.88,12.65,2.79,8.8,9.5
rubra,27,V,JV3203,MO2260400,1000,-39.42361111,-71.42166667,53.67,26,10.64,2.47,1.72,2.82,12.59,2.99,9.1,9.46
rosea,27,V,MC12841,MO2417811,840,-40.11666667,-73.56666667,22.33,7.67,4.05,1.77,1.28,1.46,12.54,2.78,9.45,10
rubra,27,V,FZ444,MOUNM_FZ444,1130,-38.57805556,-71.62222222,24.33,11.33,6.44,1.74,1.36,1.7,12.48,2.63,9.34,9.9
alpina,27,V,FZ422,MO6274109,1259,-37.37805556,-71.36222222,15.67,7.17,3.3,1.92,1.49,2.47,12.43,3.42,8.5,8.1
rubra,27,V,FZ439,MO6274478,1165,-38.57777778,-71.62277778,23.73,8.02,3.9,1.7,1.29,1.74,12.42,2.59,9.2,9.6
rubra,27,V,EW336,MO920204,150,-39.68333333,-72.35,38.67,16.33,7.22,2,1.6,2.01,12.36,3.28,8.5,8.75
rosea,27,V,FZ527,MOUNM_FZ527,592,-40.20777778,-73.4,28.67,12.67,4.41,2.01,1.75,2.06,12.33,2.55,8.67,8.77
rosea,27,V,OZ8661,MO2374830,185,-50.33194444,-72.50305556,15,5,2.6,2.07,1.33,1.84,12.33,2.85,8.17,8.2
rubra,27,V,MW6806,NY_MW6806,830,-40.73416667,-71.41416667,46.33,23,9.31,1.84,1.38,2.17,12.18,2.98,8.28,8.7
rubra,27,V,BH5892,MO2738088,300,-41.13333333,-72.51666667,30,14,5.1,2.4,2.13,3.05,12.16,3,8.7,9.05
rubra,27,V,PA33372,MO1306155,1000,-35.01666667,-70.8,28,13,11,2.06,1.54,1.9,12.16,2.4,8.21,8.56
rubra,27,V,WE24417,F1491911,416,-49.09305556,-72.54638889,28,16.33,6.35,2.1,1.87,2.33,12.16,3.66,10.03,10.34
rubra,27,V,FZ443,MO6274479,1130,-38.57791667,-71.6225,25.15,10.37,3.14,1.83,1.41,1.53,12.1,2.86,9.25,19
rubra,27,V,PHV318,E236136,700,-40.68333333,-71.7,39,14.33,8.65,1.91,1.71,1.63,12.06,2.52,8.2,8.5
rosea,27,V,FZ532,MOUNM_FZ532,900,-40.17722222,-73.44055556,20.67,5.33,5.22,1.56,1.04,1.05,12.03,2.15,8.3,9
alpina,27,V,FZ479,MO6274114,1913,-35.59972222,-71.01166667,25.33,8.17,3.41,1.76,1.51,2.52,11.99,2.89,8.4,8.85
rubra,27,V,FZ533,MOUNM_FZ533,35,-39.67555556,-73.35138889,49.67,32,6.82,2.1,1.76,1.75,11.97,3.35,10.5,11.5
alpina,27,V,FZ424,MO6274108,1255,-37.37805556,-71.36222222,17.67,7.83,9.11,1.57,1.2,1.87,11.95,3.07,8.9,7.75
rosea,27,V,FZ510,MOUNM_FZ510,725,-40.77027778,-72.27111111,29.67,6.67,5.46,1.98,1.19,1.52,11.95,2.57,9.02,9.5
rubra,27,V,OZ5556,L540,1200,-37.40888889,-71.60611111,21.67,6.33,7.55,1.75,1.42,2.47,11.85,2.63,8.3,8.3
rubra,27,V,FZ406,MOUNM_FZ406,803,-37.39333333,-71.46277778,33.67,14,10.37,1.69,1.28,2.32,11.83,2.91,8.2,8.4
rubra,27,V,OZ17557,MO4665818,500,-33.01666667,-71.26666667,34,15.67,9.34,1.55,1.31,1.9,11.77,2.5,9.47,9.55
rubra,27,V,HBsn,UC657811,500,-46.27277778,-71.91833333,29,14.17,6.92,2.03,1.63,2.5,11.75,3.31,8.8,9.87
rubra,27,V,JM17536,MO1241750,50,-41.33333333,-72.98333333,46.33,17,8.94,1.93,1.52,1.6,11.73,2.98,8.34,8.8
alpina,27,V,KR4614,MO2989818,1650,-41.1,-71.58333333,20.67,9.83,3.95,1.83,1.28,1.93,11.72,2.89,8.6,8.2
alpina,27,V,TP14473,MO5681289,20,-51.5825,-72.75944444,26.48,9.2,2.85,1.85,1.35,1.8,11.7,2.5,7.76,7.9
rosea,27,V,FZ512,MOUNM_FZ512,720,-40.77027778,-72.27138889,32.33,10.5,5.53,1.77,1.28,1.43,11.69,3.25,8.6,9.2
rubra,27,V,FZ447,MO6274481,1150,-38.57805556,-71.62263889,29.01,15.14,6.48,1.92,1.47,1.78,11.69,2.91,8.83,9.16
alpina,27,V,FZ416,MO6274110,1256,-37.37805556,-71.36222222,14,5.67,3.45,1.97,1.32,2.4,11.58,2.76,8.4,8.1
rubra,27,V,FZ500,MOUNM_FZ500,528,-36.60027778,-71.46916667,26.33,9,6.76,1.71,1.3,2.29,11.56,2.57,8.06,7.92
rubra,27,V,FZ475,MOUNM_FZ475,1605,-35.60444444,-71.03888889,47,19.5,6.58,2.04,1.37,2.98,11.49,2.44,8.5,9.08
alpina,27,V,RF4349,NY_RF4349,1940,-37.83444444,-71.09083333,15.67,7.33,3.37,1.81,1.3,2.14,11.48,3.25,9.2,7.92
rubra,27,V,FZ442,MO6274480,1130,-38.57805556,-71.6225,23.55,10.88,5.2,2.09,1.26,1.63,11.43,2.84,10,10.23
rosea,27,V,FZ531,MOUNM_FZ531,899,-40.17722222,-73.44083333,25,6.67,4.58,1.65,1.13,1.35,11.4,2.4,8.2,9.4
rubra,27,V,MG5482,E70482,750,-34.98333333,-70.76666667,36,16,8.64,1.77,1.6,3.2,11.37,2.81,8.5,9.09
rubra,27,V,FZ425,MOUNM_FZ425,798,-38.53947222,-71.67588889,29,13.67,9.93,1.98,1.71,2.14,11.33,2.92,7.96,8.2
alpina,27,V,FZ489,MO6274113,1921,-35.59944444,-71.01,22,6.67,2.07,1.83,1.05,2.1,11.29,2.32,9.2,9.8
rosea,27,V,MG3452,E16386,200,-41.16666667,-72.5,23.33,6.33,4.88,1.4,1.39,1.42,11.29,2.9,7.38,7.7
alpina,27,V,F15998,GH_FH15998,1200,-39.38333333,-71.98333333,14.67,7.83,4.6,1.82,1.51,1.89,11.22,3.42,7.84,7.6
rubra,27,V,MB369,US3438139,1000,-40.33608333,-71.41161111,24.33,10.33,4.8,2.03,1.59,1.85,10.87,2.55,8,8.53
rubra,27,V,FZ446,MO6274476,1140,-38.57777778,-71.6225,18.24,7.54,3.86,1.82,1.31,1.19,10.79,2.46,7.8,8.6
alpina,27,V,M2048,L44,1200,-38.57805556,-71.61666667,18,8.67,3.19,1.89,1.15,1.89,10.76,2.54,6.9,8.18
rubra,27,V,MG4006,E16392,1100,-40.76666667,-72.2,35.67,17.67,8.8,1.83,1.54,2.26,10.7,2.76,8.7,9.08
rubra,27,V,RF5795,MO5716494,600,-42.16666667,-71.36666667,38.67,19.33,7.48,1.86,1.56,2.37,10.7,2.54,7.31,7.67
alpina,27,V,JW5159,MO1165975,2100,-33.08333333,-70.76666667,9.2,4,3,1.08,1.01,1.4,10.69,2,7.18,8
rubra,27,V,FZ103,MO6274472,204,-41.13638889,-72.39916667,23.81,47.97,3.2,2.6,1.3,3.89,10.67,3.1,7.6,8
rosea,27,V,FZ366,MOUNM_FZ366,774,-37.60166667,-72.80083333,31,11.67,3.09,1.83,1.25,1.76,10.62,2.83,7.09,7.09
alpina,27,V,MF6193,E131002,50,-51.12722222,-73.13027778,18.33,8.23,2.31,1.84,1.19,1.63,10.57,2.46,7.7,7.41
alpina,27,V,FZ518,MO6274105,1130,-40.77444444,-72.20027778,20.33,8.83,1.83,1.65,1,1.68,10.45,3.18,7.1,6.35
alpina,27,V,PHV335,E236125,140,-51.56794444,-72.61786111,16.33,7.83,3.15,1.9,1.4,1.87,10.45,3.28,6.7,7
rubra,27,V,FZ445,MO6274477,1130,-38.57805556,-71.62222222,21.95,9.35,4.32,1.71,1.35,1.62,10.44,2.62,8.11,9.28
alpina,27,V,PM69850,COR_PM69850,800,-50.47444444,-72.48055556,16,9,4.48,1.97,1.31,1.65,10.42,2.96,7.4,7.21
alpina,27,V,MG6031,E96581,500,-50.98333333,-72.85,13.67,6.33,2.05,1.85,1.36,1.7,10.34,2.52,7.34,7.45
rubra,27,V,EWs.n.,MO2724942,60,-41.2,-72.55,34.33,15.33,4.45,1.73,1.61,2,10.2,2.6,7.5,8.2
alpina,27,V,JK20,COR_JK20,700,-45.86666667,-71.25,11.5,6.5,1.45,1.55,0.94,1.55,10.13,2.48,6.77,6.8
alpina,27,V,ZR138,L58,1776,-38.1,-70.91666667,15.67,7.33,2.17,1.62,1.16,1.33,10.08,2.35,7.5,8.5
alpina,27,V,FZ338,MO6274112,1980,-33.29638889,-70.31444444,12,4.5,4.09,1.47,1.13,1.81,10.02,2.55,7.2,8.47
alpina,27,V,JS4381,MO2737973,1200,-36.83333333,-71.41666667,18,7,2.8,2.1,1.78,4.3,10,2.73,6.83,7.3
alpina,27,V,GS2641,NY_GS2641,600,-50.86777778,-72.79527778,16,7.57,3.1,1.79,1.15,1.82,9.92,2.8,6.5,6.35
alpina,27,V,FZ400,MO6274107,1912,-36.90527778,-71.40333333,16,6.4,2.46,1.84,1.36,2.51,9.84,3.34,6.4,6.4
rosea,27,V,AS3469,L453,550,-42.74722222,-72.00222222,21.33,7.17,4.45,1.57,1.16,1.24,9.84,2.22,6.3,6.81
alpina,27,V,EW1305,MO939304,2100,-36.9,-71.56666667,16.5,6.6,3.6,1.89,1.2,2.5,9.81,2.7,7,7.2
alpina,27,V,TP14391,MO5681288,1000,-45.88611111,-72.12583333,17,8.3,3,1.8,1.15,1.71,9.74,2.5,6.4,6.2
alpina,27,V,MG6904,E182448,1357,-39.01875,-71.68558333,18,7.33,3.23,1.68,1.09,1.98,9.69,2.36,6.2,5.5
alpina,27,V,WE24190,MO1242108,50,-51.73333333,-72.51666667,19.33,8.1,2.4,1.8,1.2,1.7,9.6,2.6,6.8,6.71
rosea,27,V,GS49,NY_GS49,500,-44.33333333,-72.52638889,23.33,8,4.06,1.77,1.17,1.32,9.52,2.48,5.65,6.2
alpina,27,V,CE10571,MO3738470,1050,-40.75,-72.15,14,7,3.1,1.9,1,1.9,9.5,2,6.68,7
alpina,27,V,EW1264,MO939430,1300,-38.7,-71.71666667,15.55,7.3,2,1.6,1.2,1.3,9.5,2.46,6.8,7.6
alpina,27,V,EW667,MO956370,1200,-41.75472222,-72.40111111,20,8.5,2.57,1.7,1.48,1.9,9.5,2.32,6.9,6.7
alpina,27,V,GS2237,MO5733317,1900,-38.86666667,-70.48333333,21,5.1,3.3,2,1.42,1.4,9.5,2.3,6.4,6.8
alpina,27,V,PB84,E96277,1750,-35.94527778,-70.50805556,17.33,5.67,2.95,1.37,1.15,1.9,9.41,2.28,6.5,7.05
rosea,27,V,CHsn,LIL384548,450,-46.79722222,-74.06777778,25.33,8,3.37,1.77,1.29,2,9.41,2.36,6.22,6.66
alpina,27,V,FZ401,MOUNM_FZ401,1914,-36.90527778,-71.40361111,13.67,5.5,2.5,1.92,1.52,3.3,9.35,2.19,6.62,7.01
alpina,27,V,FZ337,MO6276166,2005,-33.29666667,-70.31502778,14.77,6.04,2,1.57,1.26,1.2,9.31,2.08,6.2,7
alpina,27,V,PB972,E182299,1663,-38.61972222,-71.59916667,15,6.5,2,1.55,1.19,1.94,9.22,2.48,6.39,6.4
alpina,27,V,FZ331,MO6274111,2033,-33.30055556,-70.31805556,22,7.67,3.77,1.51,1.07,1.47,9.16,2.19,5.86,6.75
alpina,27,V,OZ8086,MO2313921,1000,-40.75,-72.15,15,7,2.3,1.68,1.25,1.65,9,2.1,6.65,6.7
alpina,27,V,FZ332,MO6276160,2033,-33.30055556,-70.31805556,21.58,7.28,2.62,1.47,1.3,1.12,8.96,2.18,6,6.3
alpina,27,V,ST2285,MO4029392,2300,-33.81666667,-70.08361111,13,5.5,3.75,1.64,1,1.75,8.7,2.4,6.21,7.4
alpina,27,V,GIII52,MO1126873,2300,-33.33333333,-70.25,10,4.99,3,1.5,1.01,1.35,8.68,2.2,5.77,6
alpina,27,V,CE10626,BR873404,600,-43.41666667,-73.35944444,14.33,6.67,2.63,1.75,0.92,1.5,8.54,2.49,5.2,5.55
alpina,27,V,FZ523,MO6274100,1276,-40.77805556,-72.18916667,15.16,7.08,2.23,1.53,1.12,1.55,8.21,2.45,6.55,7
alpina,27,V,FZ334,MO6276161,2034,-33.30055556,-70.31808333,16.22,7.81,2.23,1.12,1.22,1.37,8.2,2.43,5,6.1
alpina,27,V,RWs.n.,MO4979489,1850,-41.21666667,-71.5,12.5,6.5,2.76,1.3,0.9,0.88,7.78,2.05,4.57,4.8
alpina,27,V,FZ112,MO6276155,1050,-40.77527778,-72.20388889,10.4,7.5,0,0,0,0,0,0,,
alpina,27,V,FZ335,MO6276162,2037,-33.3,-70.31777778,13.09,6.25,0,0,0,0,0,0,,
alpina,27,V,FZ336,MO6276163,2008,-33.29666667,-70.315,16.16,7.97,0,0,0,0,0,0,,
alpina,27,V,FZ92,MO6276156,2085,-33.30333333,-70.32027778,21.61,11.43,0,0,0,0,0,0,,
alpina,27,V,FZ94,MO6276157,2165,-33.29611111,-70.31416667,11.35,5.3,0,0,0,0,0,0,,
rosea,27,V,FZ104,MO6267223,908,-41.13833333,-72.53555556,32.1,9.6,0,0,0,0,0,0,,
rosea,27,V,FZ105,MO6276188,922,-41.14027778,-72.53472222,13.23,4.64,0,0,0,0,0,0,,
rosea,27,V,FZ113,MO6276187,721,-40.77,-72.27111111,24.71,9.2,0,0,0,0,0,0,,
rosea,27,V,FZ114,MOUNM_FZ114,721,-40.77,-72.27111111,37.33,11,0,0,0,0,0,0,,
rosea,27,V,FZ115,MO6276186,721,-40.77,-72.27111111,48.68,15.18,0,0,0,0,0,0,,
rubra,27,V,FZ101,MO6296022,20,-41.31141667,-72.98113889,53.27,23.65,0,0,0,0,0,0,,
rubra,27,V,FZ102,MO6296021,50,-41.13333333,-72.41666667,49.78,22.52,0,0,0,0,0,0,,
rubra,27,V,FZ110,MO6296020,232,-39.64583333,-72.32083333,51.26,29.96,0,0,0,0,0,0,,
rubra,27,V,FZ98,MO6296019,12,-39.93972222,-73.5825,41.62,20.43,0,0,0,0,0,0,,
alpina,27,V,TP14476,MO5695683,20,-51.5825,-72.75888889,15,6,,,,,,,,
angustifolia,1,VI,FZ325,MO6273213,2582,-16.5615,-71.44619444,57,9,5.68,2.06,1.34,0.89,10.97,3.5,7.59,7.55
angustifolia,1,VI,FZ326,MO6273214,2590,-16.5615,-71.44619444,74,9.33,4.14,1.93,1.47,0.73,10.62,3.46,6.7,7.1
angustifolia,1,VI,MG6297,E96353,3280,-18.66111111,-69.57944444,65,10.5,5.17,1.88,1.41,0.78,10.36,2.86,6.5,7.62
angustifolia,1,VI,MG6302,E96354,1800,-18.83305556,-69.74527778,62.33,10.33,5.55,1.97,1.51,0.49,9.76,2.89,6.63,7.14
angustifolia,1,VI,FZ327,MO6273215,2684,-16.5625,-71.44430556,50.87,9.26,6.08,2.2,1.44,0.59,9.68,2.88,6.3,6.4
angustifolia,1,VI,MG6562,E131876,1988,-20.08263889,-69.35975,44,5,5.37,2.2,1.57,0.43,9.67,2.69,6.6,7.3
angustifolia,1,VI,FZ322,MO6282102,2594,-16.55633333,-71.44552778,65.67,9.17,5.42,2.05,1.73,0.82,9.61,2.79,6.18,6.27
angustifolia,1,VI,FZ323,MO6282103,2579,-16.55994444,-71.44852778,60.33,11,5.58,2.3,1.57,0.67,8.96,2.45,6.69,6.91
angustifolia,1,VI,FZ324,MO6282104,2585,-16.55994444,-71.44852778,56.67,10.17,4.02,2.24,1.48,0.62,8.52,2.42,5.6,5.93
bifida,2,VI,AK23025,MO2260710,800,-28.675,-50.97277778,50.67,15.5,5.45,1.93,0.74,0.63,10.14,3.3,8.16,7.04
bifida,2,VI,CO6589,US1159967,250,-31.55,-56.1,47.33,15.67,3.82,1.89,0.88,1.53,9.46,4,7.8,6.9
bifida,2,VI,GH18331,L86,1150,-25.29277778,-51.35,49,16,8.3,1.75,0.87,0.88,9.22,3.49,7.43,7.4
bifida,2,VI,AK35523,MO2802540,940,-25.33,-49.06027778,42,13.67,6.02,1.71,0.87,0.95,9.09,3.35,7.51,6.5
bifida,2,VI,LF6,MO6294319,900,-25.44833333,-49.23888889,37.81,13.5,4.31,1.61,0.8,0.77,8.97,3.45,7.45,7.5
bifida,2,VI,JM14715,MO5695939,205,-26.53194444,-54.72555556,54.67,17.67,4.97,1.51,0.85,1.44,8.91,3.18,6.8,5.86
bifida,2,VI,RW423,MO5716489,830,-29.44527778,-50.62611111,50,17,4,1.56,0.67,0.87,8.88,3.56,6.5,5.5
bifida,2,VI,RD1744,MO3813506,250,-26.16666667,-55.83333333,67,15.67,4.82,2,0.76,1.26,8.82,3.18,6.2,6.4
bifida,2,VI,RW5162,MO5681283,700,-29.22277778,-51.365,53.67,19.5,4.33,1.88,0.86,0.77,8.75,3.62,7.06,6.5
bifida,2,VI,AK22941,CTES291051,100,-31.5,-52.38333333,53,20,3.97,1.88,0.78,0.74,8.74,3.5,6,6.3
bifida,2,VI,EP7047,NY498418,2300,-22.38361111,-44.65083333,59.33,18.67,7.63,1.56,0.85,0.92,8.65,2.98,6.64,6.51
bifida,2,VI,GH18306,UC1357297,780,-25.26694444,-51.1,47.67,14.67,5.11,1.68,0.74,0.67,8.65,3.29,6.68,6.61
bifida,2,VI,BR3907,SP51279,170,-30.88305556,-55.51666667,79,16,4.47,1.56,0.91,1,8.56,3.27,6.5,5.5
bifida,2,VI,RW5166,MO5681284,780,-29.16666667,-51.08333333,56,17.33,4.68,1.87,0.74,0.89,8.5,3.05,6.8,6
bifida,2,VI,GH18425,L85,916,-25.30527778,-49.04611111,50.67,18,5.13,1.62,0.91,0.7,8.49,3.4,7.73,6.93
bifida,2,VI,LS11641,US2269671,1000,-26.4,-53.13333333,55,19,5.64,1.72,0.91,1.37,8.43,3.02,6,5.7
bifida,2,VI,AVEsc2,MO6294321,980,-25.45,-49.01972222,54.67,15.33,6.45,1.76,0.8,0.77,8.38,3.09,6.4,5.8
bifida,2,VI,PJ34248,L110,220,-27.48305556,-55.48305556,62,16.5,4.6,2.1,0.9,1.47,8.36,3.59,5.95,5.5
bifida,2,VI,MR221,NY498442,1700,-22.7,-45.58333333,50.33,16.67,6.8,1.41,0.75,0.53,8.32,3.12,5.8,6.2
bifida,2,VI,LF16,MO6294318,914,-25.49422222,-49.04433333,61.96,19.05,4.62,2.1,1,0.8,8.26,3.2,6.34,7.14
bifida,2,VI,LF46,MO6208813,1130,-28.05583333,-49.36666667,58.56,16.85,6.04,1.59,1.02,0.88,8.08,3.1,5.5,6
bifida,2,VI,RD10799,F1750904,70,-34.05,-54.6,58.33,17,5.32,1.83,0.89,1.02,8.02,2.98,6.46,5.24
bifida,2,VI,JB5177,MO5681282,80,-29.56666667,-51.3625,68,20,5.13,2.05,0.85,1.61,8.01,3.53,6.4,5.7
bifida,2,VI,GH26215,MO2237562,884,-25.53333333,-49.38333333,48.74,14.55,4.3,1.43,0.82,1.07,8,2.86,5.43,5.43
bifida,2,VI,JK1721,MO3584872,2150,-22.47138889,-43.05333333,59.33,19,7.57,1.85,0.8,0.69,7.99,3.22,7.3,7
bifida,2,VI,AB11510,L111,1900,-22.45,-43.05444444,57.67,23.33,7.61,1.91,0.83,0.63,7.97,3.2,6.3,5.9
bifida,2,VI,LF33,MO6294320,709,-27.66580556,-49.20533333,57.67,18.51,5.84,1.62,0.83,0.83,7.94,2.93,6.01,6.49
bifida,2,VI,PR12237,L101,900,-27.3,-50.55,53.33,16,4.63,1.7,0.66,0.63,7.91,2.99,6.5,5.5
bifida,2,VI,HL550,SP13046,2000,-22.38333333,-44.6,61.33,20,7.75,1.7,0.75,0.56,7.69,3.04,4.7,4.65
bifida,2,VI,EP8355,NY498413,850,-26.17277778,-49.85,48.33,15,4.67,1.51,0.88,0.65,7.68,2.71,6.2,5.5
bifida,2,VI,WP163,MO6294784,1556,-22.60888889,-45.55916667,62.33,20,7.21,2.03,0.95,0.71,7.59,2.94,4.85,5.1
bifida,2,VI,LF18,MO6294305,915,-25.49444444,-49.04444444,51.01,16.58,5.09,1.87,0.84,0.76,7.45,2.59,6.41,6.5
bifida,2,VI,PR11764,L102,800,-26.82111111,-51.00388889,44,14,5.03,1.47,0.85,1.09,7.45,2.75,5.35,5.29
bifida,2,VI,LS10571,NY498417,1000,-26.2,-49.23333333,53,17.67,5.53,1.42,0.74,0.73,7.28,2.8,5.67,5.27
bifida,2,VI,RB93,RB206229,1800,-22.71666667,-45.45,56.67,19,6.59,1.69,0.71,0.65,7.25,2.81,4.84,5.62
bifida,2,VI,FM2376,MO5179636,250,-26.16666667,-55.33333333,55,17.33,4.43,1.39,0.81,1.17,7.24,2.33,5.7,5.3
bifida,2,VI,LF39,MO6294314,1194,-28.05541667,-49.48922222,51.91,13.88,5.3,2,1.03,0.55,7.22,2.66,4.12,4.3
bifida,2,VI,CC507,RB370870,1700,-22.45166667,-43.00111111,66.33,18.5,7.32,1.38,0.68,0.58,7.14,2.85,4.5,4.7
bifida,2,VI,GH31430,MO2463119,1900,-20.44805556,-41.77388889,63.33,17.67,6.53,1.22,0.6,0.44,7.12,2.75,5.01,5.28
bifida,2,VI,PR6686,L99,1099,-28.02722222,-49.61222222,41.67,13.33,4.39,1.71,0.67,0.62,7.12,2.54,5.84,5.3
bifida,2,VI,AG6890,NY498421,1200,-22.25833333,-42.54861111,76,20.5,6.51,1.46,1.03,1.01,7.07,3.04,5.74,5.65
bifida,2,VI,WP169,MO6208814,2194,-22.48483333,-45.08205556,56.33,20,6.38,1.5,0.86,0.48,6.79,2.68,4.1,4.27
bifida,2,VI,LF61,MO6294310,1116,-27.89308333,-50.13913889,44.77,12.6,5.9,1.77,1.03,0.79,6.77,2.78,4.8,4.4
bifida,2,VI,WP155,MO6294782,1872,-22.76741667,-45.53822222,51.78,21.03,6.37,1.7,0.84,0.52,6.33,2.59,4.3,4.5
illinita,4,VI,PB512,E40202,2650,-30.14361111,-70.04861111,37.67,8.33,7.36,1.84,1.65,1.48,14.21,3.15,9.5,9.8
angustifolia,4,VI,RW18130,MO1294081,2400,-29.95,-70.55,54.33,17,5.59,1.78,1.59,1.44,13.18,3.59,8.63,8.87
angustifolia,4,VI,OZ3990,L75,1800,-29.93333333,-70.3,42,12.33,4.74,1.3,1.41,0.88,12.38,3.02,8.25,8.9
angustifolia,4,VI,RK7653,NY_RK7653,2100,-31.08333333,-69.58333333,42.33,13,6.93,1.62,1.47,0.59,12.1,3.68,7.6,7.3
angustifolia,4,VI,IJ5864,GH_IJ5864,2050,-28.9,-70.06666667,47.33,15.67,7.79,1.34,1.27,0.51,11.71,3.37,6.85,6.8
angustifolia,4,VI,EW183,MO910378,1600,-29.84527778,-70.38555556,39.48,10,5.4,1.95,1.53,0.94,10.6,2.35,7.24,7.52
illinita,4,VI,MG5665,E70518,1510,-30.16666667,-70.65,39,14,6.18,2,1.5,1.1,10.29,2.55,7.5,8
farinacea,6,VI,GH18054,UC1360568,950,-25.07444444,-49.39916667,61.33,17,4.22,3.01,2.95,3.45,9.97,2.17,3.85,4.43
farinacea,6,VI,PD15954,MO1035805,850,-24.25,-49.7,41.19,15.54,3.67,3.56,1.83,2.81,9.67,2.29,4.47,4.2
farinacea,6,VI,NS5746,L171,1650,-22.73888889,-45.59333333,42.83,12.33,3.27,3.47,2.25,3.11,8.96,2.56,4.39,4.41
farinacea,6,VI,WP159,MOUNM_WP159,1810,-22.77086111,-45.53102778,52.67,17,3.88,2.8,2.56,2.33,8.72,1.93,3.97,4.6
farinacea,6,VI,SX262,RB381021,1650,-22.71416667,-45.56861111,35,10,3.54,2.85,2.67,3.4,8.43,2.11,3.46,3.87
farinacea,6,VI,GH11940,US2484348,860,-24.31666667,-49.66666667,49.33,13.33,4.62,2.49,2.11,2.91,8.34,2.04,3.8,4.32
farinacea,6,VI,GH10795,F1621626,850,-25.53638889,-49.89472222,50.33,13.9,4.04,2.87,2.23,2.64,8.21,2.27,3.85,4.21
farinacea,6,VI,VN108,MO5685733,1050,-25.03416667,-49.03333333,46.67,14.17,3.94,2.93,2.21,3.05,8.15,2.03,3.51,4.05
farinacea,6,VI,GH25426,UC1387349,1060,-24.40972222,-49.85888889,51.67,14.67,2.85,2.41,2.52,2.77,7.93,2.19,3.22,4.13
farinacea,6,VI,JS38,MO3581839,812,-25.39166667,-49.98138889,50.5,13.67,6.88,2.71,1.93,2.03,7.85,2.16,3.38,3.83
farinacea,6,VI,GH17979,L163,1030,-25.13333333,-49.96666667,62.33,16.33,5.1,2.4,2.22,2.09,7.75,1.81,3.72,4.05
farinacea,6,VI,LF10,MOUNM_LF10,927,-25.51266667,-49.054,45.33,13.67,2.8,2.37,2.34,1.94,7.65,1.94,3.8,4.36
farinacea,6,VI,GH18440,L150,830,-25.99666667,-49.65083333,46.17,12.83,5.42,2.56,2.04,2.35,7.62,1.63,3.84,4.37
farinacea,6,VI,BR49669,US2055051,1000,-27.85,-50.21666667,47.5,15,4.87,2.58,1.97,2.33,7.49,2.07,3.5,3.81
farinacea,6,VI,AK42087,UC1619437,1100,-28.05861111,-50.07444444,50.33,16.67,4.7,2.88,2.27,2,7.43,2.08,3.45,4.39
farinacea,6,VI,LS9075,US2269275,1250,-26.65722222,-50.96111111,49,16.67,5.56,2.68,2.14,2.32,7.25,1.68,3.55,4.08
farinacea,6,VI,MK902,MO5089110,890,-25.58388889,-49.24527778,35.4,11.17,3.91,2.39,2.17,2.6,6.78,2.11,3.17,3.8
farinacea,6,VI,LF15,MO6275027,914,-25.49422222,-49.04433333,0,0,0,0,0,0,0,0,,
farinacea,6,VI,LF63,MO6275031,1116,-27.89308333,-50.13913889,0,0,0,0,0,0,0,0,,
farinacea,6,VI,LF64,MO6275030,1117,-27.89319444,-50.13888889,0,0,0,0,0,0,0,0,,
farinacea,6,VI,LF80,MO6275025,958,-25.46580556,-49.76647222,0,0,0,0,0,0,0,0,,
farinacea,6,VI,LF81,MO6275026,960,-25.46583333,-49.76666667,0,0,0,0,0,0,0,0,,
farinacea,6,VI,WP152,MOUNM_WP152,1796,-22.76136111,-45.54916667,57,18.33,0,0,0,0,0,0,,
farinacea,6,VI,WP154,MO6275032,1796,-22.76136111,-45.54919444,0,0,0,0,0,0,0,0,,
farinacea,6,VI,WP158,MO6294777,1872,-22.76738889,-45.53822222,0,0,0,0,0,0,0,0,,
farinacea,6,VI,WP160,MO6275024,1808,-22.77080556,-45.53083333,0,0,0,0,0,0,0,0,,
illinita,11,VI,EK838,US2104897,700,-34.99916667,-70.82,50.33,19,3.26,1.97,1.63,2,15.35,2.87,11.03,11.12
illinita,11,VI,GH405A,US530302,1100,-32.86666667,-70.41666667,50,18,3.47,1.83,1.58,2.26,12.79,2.38,9.1,8.94
illinita,11,VI,CSs.n.,GH_CSsn,780,-34.25,-70.56666667,58.67,21.67,3.08,1.92,1.41,1.94,12.21,2.85,7.2,7.8
illinita,11,VI,CB984,GH_BERT984,200,-33.05,-71.51666667,45.33,15.33,3.51,2.3,1.74,2.05,11.76,2.53,8.3,8.1
illinita,11,VI,FZ541,MO6296037,920,-33.72888889,-70.47138889,43.33,17.33,3.08,1.88,1.59,1.17,11.74,3.58,7.8,7.8
illinita,11,VI,MG5435,E70519,600,-33.06666667,-70.95,40,16.33,3.06,1.93,1.67,1.87,11.3,3.11,7.05,7.5
illinita,11,VI,FZ540,MO6296035,920,-33.72961111,-70.47097222,42.67,16.67,2.32,1.7,1.4,1.51,11.08,2.63,6.96,7.24
illinita,11,VI,EW579,MO961633,1500,-35.19666667,-70.80305556,51,18,3.08,1.79,1.48,1.98,10.82,2.47,7.2,7.7
illinita,11,VI,MG25,E158628,668,-35.10527778,-71.03111111,53.83,16,3.7,1.9,1.69,2.3,10.77,2.65,6.99,6.99
illinita,11,VI,OZ6524,L190,1500,-33.86666667,-70.4,37.67,15.33,3.24,1.98,1.54,2.06,10.77,1.92,7.91,7.91
illinita,11,VI,FZ539,MO6296034,920,-33.72941667,-70.47116667,49.67,17,2.56,1.98,1.48,1.55,10.41,2.61,6.8,6.68
illinita,11,VI,GH405B,NY_GH405B,1100,-32.86666667,-70.41666667,47.33,17,3.98,1.96,1.6,2.4,10.31,2.55,7.05,7.04
illinita,11,VI,GL5551,GH_GL5551,900,-33.18333333,-70.6,51.33,19.67,3.27,1.75,1.64,2.6,10.28,2.73,7.11,7.13
illinita,11,VI,MG5655,E70517,120,-30.21666667,-71.33333333,38.67,12.33,3.52,2.04,1.6,1.63,10.25,2.04,6.81,7.2
illinita,11,VI,PB4,E96269,700,-32.95,-71.08333333,42,13,3.83,2.12,1.49,1.56,10.05,2.39,6.45,6.83
illinita,11,VI,LL5949,MO05681277,1200,-33.71194444,-70.32,45,19,2.9,2,1.65,1.4,9.86,2.45,6.23,5.56
illinita,11,VI,JW5200,MO1165912,400,-32.96666667,-71.26666667,53.67,16.67,2.29,1.96,1.58,1.3,9.8,2.41,6.43,6.23
illinita,11,VI,EK5390,L206,180,-33.35,-71.58333333,50.67,19.33,3.16,1.98,1.45,1.25,9.63,2.19,6.93,7.2
illinita,11,VI,EK5378,L192,40,-31.41666667,-71.58333333,41,14.33,3.34,1.92,1.59,1.27,9.32,2.04,6,6.4
illinita,11,VI,FZ123,MO6296032,960,-33.72916667,-70.47055556,47,19.67,0,0,0,0,0,0,,
illinita,11,VI,FZ124,MO6296036,950,-33.72916667,-70.47083333,42.33,15.33,0,0,0,0,0,0,,
illinita,11,VI,FZ127,MO6296038,722,-33.0125,-70.90055556,47,16.67,0,0,0,0,0,0,,
illinita,11,VI,FZ353,MO6296033,1872,-33.32291667,-70.32758333,40.67,14,0,0,0,0,0,0,,
laevis,12,VI,JK1720,MO3584873,2150,-22.47138889,-43.05333333,38,12.5,6.18,2.92,1.87,2.28,16.05,5.41,9.21,8.68
laevis,12,VI,BLs.n.,L261,2750,-22.37972222,-44.66138889,57.43,16.07,6.81,3.3,1.82,5.11,15.44,5.43,8.72,9.38
laevis,12,VI,LS1492,GH_LSMITH1492,2150,-22.39166667,-44.61527778,33.9,11.93,7.51,2.92,1.57,3.54,14.46,5.01,8.54,8.25
laevis,12,VI,GH71660,MO5733316,1700,-28.1275,-49.5,28.31,9.61,5.78,2.13,1.6,4,14.45,4.96,8.2,7.85
laevis,12,VI,AB10830,L240,2100,-22.47138889,-43.04916667,41,15,7.75,2.34,1.85,3.61,14.17,5.28,8.39,7.79
laevis,12,VI,PR2962,US1954721,1860,-28.13833333,-49.52666667,29,11.1,5.92,3.44,1.87,3.02,14.05,4.47,7.97,7.89
laevis,12,VI,PDs.n.,US1055548,2750,-22.38,-44.66138889,46.5,18.77,10.97,3.31,2.09,4.4,13.83,5.82,6.81,7.44
laevis,12,VI,JC1636,MO5708255,1740,-25.25,-48.84611111,37.17,11.86,7.36,2.92,2.5,5.97,13.82,5.04,8.28,7.45
laevis,12,VI,EB383,SP345192,866,-25.3,-48.88333333,41.67,14.1,9.49,2.71,1.9,5.38,13.7,5.04,9.03,8.87
laevis,12,VI,LF86,MO6275019,1823,-25.24083333,-48.8305,48.33,17.33,6.2,2.69,1.6,3.82,13.47,4.61,8.3,9
laevis,12,VI,WP168,MO6294787,2216,-22.48458333,-45.08336111,46.67,21,6.27,2.76,1.85,3.27,13.29,4.51,8.33,9.5
laevis,12,VI,B19021,RB62692,2000,-22.48388889,-45.08472222,54.87,18.17,4.64,3.72,1.79,5.4,13.2,4.55,7.77,8.68
laevis,12,VI,EF16,L262,2300,-22.3975,-44.64611111,37.67,12.8,6.32,2.69,1.43,2.31,12.71,4.61,7.91,7.75
laevis,12,VI,JV135,UC1169420,2263,-22.47111111,-43.05527778,31.73,13.67,8.15,2.05,1.53,2.83,12.54,4.51,7.53,7.25
laevis,12,VI,EJ75,RB332315,2000,-22.35666667,-42.58055556,35,14,5.56,2.9,1.69,3.15,11.67,3.9,7.81,8.7
laevis,12,VI,PR62989,L249,2100,-22.46638889,-43.05444444,35.1,16.13,8.09,1.79,1.23,1.97,11.51,3.82,6.7,6.34
laevis,12,VI,Ns.n.,L132,1543,-22.75,-44.67527778,27.67,9.67,5.08,2.28,1.28,1.29,11.49,3.25,7.36,8.2
laevis,12,VI,LF87,MO6275018,1823,-25.24086111,-48.8305,45.67,15,8.25,2.45,1.67,3.56,11.45,3.99,6.07,7.41
laevis,12,VI,LS1493,GH_LSMITH1493,2150,-22.39194444,-44.61555556,29.4,12.17,8.62,2.44,1.5,2.8,11.44,3.38,6.93,7.26
laevis,12,VI,HS763,K277,2400,-22.38277778,-44.68638889,32.47,12.33,5.64,2.18,1.35,1.73,11.07,2.58,6.98,6.8
laevis,12,VI,PB4540,MO4571325,2740,-20.44333333,-41.81166667,25.33,11,4.75,2.54,1.8,3.55,11.04,2.6,7.07,7.99
laevis,12,VI,WP167,MO6275017,2205,-22.48416667,-45.08138889,42,17.67,6.12,2.93,2.12,3.6,10.98,4.2,7.24,8.7
laevis,12,VI,Ss.n.,L263,2000,-20.4025,-41.78888889,20.27,10.1,7.4,1.68,1.39,1.36,10.38,3.09,5.97,6.06
laevis,12,VI,BL734,NY_498508,1262,-23.23333333,-44.95,32,12.67,6.21,2.06,1.04,1.5,10,3.25,6.53,6.77
laevis,12,VI,WP166,MO6294790,2202,-22.48419444,-45.08144444,42.55,17.24,7.08,1.7,1.2,1.55,9.81,3.42,6.1,7.1
laevis,12,VI,GH35823,L107,2000,-22.38333333,-44.63333333,33.67,10.5,4.43,1.7,1.02,1.09,8.41,2.77,4.44,5.49
laevis,12,VI,AS75,MO05153670,2000,-22.38333333,-44.7,32.34,12.97,5.33,1.19,0.98,1.18,8.33,2.43,5.45,4.82
laevis,12,VI,LF82,MO6275015,1823,-25.24083333,-48.8305,37.15,11.6,0,0,0,0,0,0,,
laevis,12,VI,LF83,MO6275016,1821,-25.23919444,-48.83055556,36.33,14,0,0,0,0,0,0,,
laevis,12,VI,LF84,MO6275014,1823,-25.24097222,-48.83027778,33.29,10.39,0,0,0,0,0,0,,
laevis,12,VI,LF85,MO6275013,1824,-25.24108333,-48.83333333,30.92,9.9,0,0,0,0,0,0,,
laevis,12,VI,WP164,MO6294788,2149,-22.48219444,-45.08055556,47.69,19.7,0,0,0,0,0,0,,
laevis,12,VI,WP165,MO6294789,2173,-22.48244444,-45.08047222,45.26,19.38,0,0,0,0,0,0,,
ledifolia,13,VI,GH72506,CTES345512,1150,-28.05666667,-49.5925,27.67,5.6,5.64,3.5,2.25,3.05,12.85,3.85,7.05,8.95
ledifolia,13,VI,RK4485,L271,950,-27.85416667,-50.27222222,32.33,5,3.47,2.7,2.52,2.94,12.64,2.6,8.82,8.87
ledifolia,13,VI,LF51,MOUNM_LF51,1108,-27.84102778,-49.64888889,31,7.33,4.31,2.6,2.48,3.2,0,0,8,9
ledifolia,13,VI,LF52,MOUNM_LF52,1110,-27.84097222,-49.64888889,35,6.83,3.13,2.75,2.13,3.05,0,0,,9.9
ledifolia,13,VI,LF53,MOUNM_LF53,1109,-27.84102778,-49.64894444,43,9.33,3.8,3,2.2,3.19,0,0,,
ledifolia,13,VI,LF54,MOUNM_LF54,1109,-27.84102778,-49.64897222,37.33,7.67,2.96,3,2.01,3.1,0,0,,
ledifolia,13,VI,LF55,MOUNM_LF55,1109,-27.84102778,-49.64888889,35.33,7,0,0,0,0,0,0,,
ledifolia,13,VI,LF56,MOUNM_LF56,1108,-27.84083333,-49.64886111,39.67,7.67,0,0,0,0,0,0,,
ledifolia,13,VI,LF57,MO6274674,1109,-27.84102778,-49.64891667,38.16,8.61,0,0,0,0,0,0,,
ledifolia,13,VI,LF59,MOUNM_LF59,1109,-27.84102778,-49.64891667,39.67,9.67,3.4,2.76,2.3,3.55,0,0,9,10
ledifolia,13,VI,LF60,MOUNM_LF60,1109,-27.84083333,-49.64886111,38.33,8.33,0,0,0,0,0,0,,
megapotamica,15,VI,RV3718,NY498456,70,-28.44472222,-56.01916667,22.67,9,3.27,1.43,0.66,0.53,6.74,2.64,4.84,3.96
megapotamica,15,VI,HF72,MO5443370,67,-34.35333333,-57.68388889,32.7,7.8,7,1.42,0.86,0.73,6.72,3.05,4.18,2.31
megapotamica,15,VI,BR49366,L316,880,-29.44972222,-50.58277778,21,7,2.9,1.68,0.75,0.64,6.71,2.66,5,4.2
megapotamica,15,VI,NT2455,MO5695936,30,-31.56083333,-58.175,32,9,2.9,1.82,0.82,0.57,6.49,2.76,4.5,3.8
megapotamica,15,VI,SR3089,MO5695938,170,-27.75,-55.75055556,28.67,10,3.09,1.76,0.85,0.74,6.32,2.67,4.1,3.7
megapotamica,15,VI,RG5802,K70,100,-33.43277778,-55.89972222,32.67,9.67,3.13,1.83,0.7,0.55,6.16,2.79,4.6,4.01
megapotamica,15,VI,AB5112,MO5695935,40,-32.24611111,-60.60805556,32.54,8.84,2.73,1.25,0.62,0.86,5.83,3.13,4.04,1.96
megapotamica,15,VI,H1015,MO938838,50,-32.68277778,-58.13333333,30.67,11.17,2.72,1.83,0.76,0.63,5.74,2.54,3.8,3.7
megapotamica,15,VI,SR3711,MO5695937,85,-29.11611111,-57.92027778,27.33,9.67,2.99,1.64,0.79,0.56,5.63,2.48,3.76,3.74
megapotamica,15,VI,JW1950,F2040690,890,-28.03194444,-51.17694444,29.67,9.67,2.77,1.65,0.68,0.59,5.6,2.46,3.7,2.9
megapotamica,15,VI,MS6428,F2168759,350,-30.54194444,-53.47638889,37.67,7.33,2.65,1.44,0.71,0.56,5.32,2.19,2.8,2.75
megapotamica,15,VI,GS2702,CTES340253,149,-31.66222222,-56.0125,28.67,7.67,2.88,1.6,0.72,0.51,5.3,2.05,3.97,3.71
megapotamica,15,VI,JI165,MO2346999,60,-29.26666667,-57.56666667,27.67,8,2.66,1.62,0.73,0.51,5.25,2.4,4.49,3.6
megapotamica,15,VI,AL2215,K268,1000,-27.85055556,-50.21722222,22,5.5,2.98,1.45,0.74,0.53,5.15,2.01,2.6,2.2
megapotamica,15,VI,CK42,UC1357344,800,-26.21388889,-51.09777778,24,7.33,2.28,1.28,0.47,0.57,5.14,2.61,3.24,2.6
megapotamica,15,VI,LL3886,MO3584506,900,-25.75,-49.25,30,9.33,2.38,1.65,0.72,0.53,5.14,2.46,3.1,3.2
megapotamica,15,VI,TP5371,MO2221289,70,-29.28333333,-57.73305556,21.67,7.17,2.8,1.48,0.68,0.62,5.14,2.3,4,3.3
megapotamica,15,VI,TP15595,MO4391382,80,-29.06805556,-57.35,24.67,9,3.44,1.53,0.68,0.53,5.09,2.45,3.2,3.11
megapotamica,15,VI,LS367,MO5360206,731,-29.12055556,-51.24416667,46.67,10.67,2.77,1.73,0.62,0.8,5.02,2.44,2.62,2.52
megapotamica,15,VI,LS293,K265,800,-25.42805556,-50.51972222,21.33,8.67,2.28,1.6,0.62,0.54,4.87,2.65,3.21,3.3
megapotamica,15,VI,BR49592,L296,900,-27.85,-50.21666667,44.67,8.33,2.99,1.42,0.61,0.51,4.85,2.23,3.15,3.04
megapotamica,15,VI,IT20026,MO1667195,240,-31.56666667,-52.61666667,38.33,6.83,2.23,1.38,0.68,0.74,4.83,1.94,2.8,2.7
megapotamica,15,VI,ARs.n.,GH_AREGNELLsn,900,-21.93333333,-46.41666667,25,9,2.31,1.24,0.7,0.68,4.57,1.97,2.92,2.66
megapotamica,15,VI,GH15362,NY498455,800,-25.60805556,-50.69138889,30,9,2.1,1.05,0.53,0.45,4.49,2.3,3.63,3.03
megapotamica,15,VI,RW842,MO5733318,900,-28.89944444,-50.38305556,36.59,7.89,2.64,1.29,0.8,0.53,4.48,1.76,2.74,2.1
megapotamica,15,VI,PR14398,L292,800,-27.5,-51.46666667,39,8.33,2.01,1.19,0.75,0.58,4.37,2.04,2.2,2.11
megapotamica,15,VI,AK42001,F2045773,990,-27.85777778,-50.80361111,37,9.83,2.96,1.31,0.65,0.45,3.94,1.92,2.66,2.43
megapotamica,15,VI,LF72,MOUNM_LF72,780,-26.09997222,-49.82508333,48,16,0,0,0,0,0,0,,
megapotamica,15,VI,LF73,MO6275004,780,-26.09986111,-49.82508333,26.89,7.88,0,0,0,0,0,0,,
megapotamica,15,VI,LF75,MOUNM_LF75,761,-25.87819444,-50.37886111,31,10.5,0,0,0,0,0,0,,
megapotamica,15,VI,LF76,MO6275008,761,-25.87819444,-50.37886111,27.6,10.42,0,0,0,0,0,0,,
megapotamica,15,VI,LF77,MO6275007,760,-25.87805556,-50.37888889,36.82,15.94,0,0,0,0,0,0,,
megapotamica,15,VI,LF78,MO6275009,760,-25.87833333,-50.37861111,35.22,15.04,0,0,0,0,0,0,,
petrophila,21,VI,EU1886,L384,1020,-26.5,-50.5,84.29,27.09,7.93,3.04,2.55,9.35,15.05,3.93,9.37,9.5
petrophila,21,VI,GH61252,MO04887573,800,-29.15,-50.11666667,91.1,26.88,10.89,2.86,2.58,7.81,13.38,2.86,8.98,8.75
petrophila,21,VI,BR49389,L383,890,-29.45,-50.58333333,74.16,24.24,14.01,3.53,2.63,8.32,0,0,,
petrophila,21,VI,BR50074,L385,891,-29.45,-50.58333333,55.85,20.95,13.62,3.8,1.6,4.3,0,0,,6.64
petrophila,21,VI,LF42,MO6294329,1130,-28.05591667,-49.36675,86.33,23,9.87,2.65,2.03,7.62,0,0,,
petrophila,21,VI,LF43,MO6294328,1130,-28.05577778,-49.36675,96.67,28.33,0,0,0,0,0,0,,
petrophila,21,VI,LF44,MO6294327,1128,-28.05583333,-49.36666667,98.67,27.67,0,0,0,0,0,0,,
petrophila,21,VI,LF45,MO6294330,1131,-28.05591667,-49.36669444,89.67,29,0,0,0,0,0,0,,
tucumanensis,31,VI,MS5087,MOUNM_MS5087,2396,-22.01027778,-64.59472222,49,17,9.47,2.33,1.53,3.25,17.08,4.54,11.5,10.93
tucumanensis,31,VI,KK10696,MO5685734,1400,-27.39777778,-65.94416667,53.67,21.33,8.6,2.34,1.83,3.9,16.71,4.33,12.31,11
tucumanensis,31,VI,PL5936C,LIL509008,1700,-23.46666667,-65,73.67,24.33,5.98,2.36,1.7,2.61,16.08,4.16,10.8,10.7
tucumanensis,31,VI,FV6838,L640,1250,-27.13305556,-65.5,53.67,20.67,11.06,2.33,1.58,2.55,15.91,3.81,10.93,11.07
tucumanensis,31,VI,SV2114,GH_SV2114,800,-26.87055556,-65.36305556,62.67,24.67,9.73,2.27,2.07,4.5,15.78,4.24,8.8,10.4
tucumanensis,31,VI,M 4544,K56,1200,-26.81472222,-65.37861111,47,18,10.4,2.38,1.78,3.48,15.71,4.75,9.8,9.9
tucumanensis,31,VI,AH22218,MO5708554,2800,-28.22916667,-65.95277778,32.33,12,6.63,2.19,1.56,2.67,15.57,3.26,11.8,11.93
tucumanensis,31,VI,JS10129,MO3122718,1000,-22.2,-64.53333333,67.35,19.51,9.6,2.7,2.05,2.19,15.28,2.7,9.64,8.47
tucumanensis,31,VI,SV10256,MO986252,1500,-26.69972222,-65.45,52,18.67,8.92,2.45,1.77,2.89,15.09,4.27,9.34,10.5
tucumanensis,31,VI,T4987,LIL534366,1750,-22.30944444,-64.66666667,38.67,13.67,13.18,2.28,1.65,3.12,15.03,4.18,9.7,10.4
tucumanensis,31,VI,SV1421,US1549341,1100,-26.87083333,-65.375,39.67,13.33,8.49,2.52,1.63,3.21,14.92,3.69,9.3,10.04
tucumanensis,31,VI,SV3985,MO960418,2000,-27.41666667,-66.08333333,38.76,15.71,8.5,2.46,2.41,4.71,14.65,2.88,10.49,9.38
hypoglauca,31,VI,JW8943,K147,3500,-17.8,-66.41666667,21.33,8.67,10.25,2.3,1.54,2.36,13.94,3.93,9.7,9.2
hypoglauca,31,VI,MC6241,NY_MC6241,2900,-17.62916667,-65.72777778,22.83,10,8.18,2.53,1.57,2.97,13.85,3.6,9.3,9.45
tucumanensis,31,VI,FB6142,MO4613353,1600,-21.4,-64.26666667,47.33,19,8.76,2.36,1.66,3.3,13.83,3.5,9.91,9.35
tucumanensis,31,VI,PC584,GH_PC584,1850,-28.73972222,-66.98222222,52,16.33,6.75,2.28,1.3,1.55,13.79,3.64,8.53,9.1
hypoglauca,31,VI,EF3538,MOUNM_EF3538,2900,-17.80305556,-64.77,33.33,15.33,4.68,3,1.77,2.5,13.47,5.17,7.03,7.71
hypoglauca,31,VI,FZ304,MOUNM_FZ304,2843,-17.82852778,-64.7185,37.33,16,3.97,2.67,1.91,4.23,13.23,5.76,6.3,7.5
tucumanensis,31,VI,FZU10377C,MO6274668,1690,-22.33333333,-64.72305556,48.33,17.33,7.35,2.34,1.7,2,13.19,3.61,9.4,9.48
tucumanensis,31,VI,RF1966,CTES338743,1700,-24.02277778,-65.38638889,45.67,16.67,9.56,2.5,1.73,3.04,12.71,3.46,8.2,8.6
hypoglauca,31,VI,CD3771,MO2597945,2900,-17.58777778,-65.26666667,18,10.5,7.26,2.71,1.63,2.32,12.62,3.58,7.7,8.17
hypoglauca,31,VI,DS152,MOUNM_DS152,2750,-17.84055556,-64.73944444,26.67,14,6.17,2.64,2.07,1.59,12.3,4.1,7.72,8.5
hypoglauca,31,VI,JT229,MOUNM_JT229,2969,-17.83666667,-64.73472222,39.67,19.33,4.57,2.67,1.63,3.61,12.25,4.65,6.9,7
tucumanensis,31,VI,TM3492,GH_TM3492,2000,-29.21611111,-66.86416667,31.67,11,7.49,2.15,1.4,1.75,11.93,3.37,8.3,9.3
tucumanensis,31,VI,GB1080,CORD_GB1080,1750,-23.69777778,-64.9,76,30.67,6.12,2.16,1.28,2.91,11.83,3.67,7.95,8.42
tucumanensis,31,VI,FZU10117A,MO6274672,1900,-25.73083333,-65.47888889,27.7,12.32,9.47,2.6,1.02,2.41,11.27,2.73,7.1,7
hypoglauca,31,VI,FZU10434A,MOUNM_FZ10434A,3398,-21.46694444,-64.88805556,26.33,9.67,4.6,2.25,1.56,1.77,11.18,3.34,7,8
hypoglauca,31,VI,JW10607,K152,2300,-18.58555556,-64.03944444,31.67,11.67,5.4,2.11,1.4,2.05,10.85,3.31,7,7
hypoglauca,31,VI,FZU10426A,MO6709885,3033,-21.46055556,-64.86666667,27.28,13.67,3.38,2.41,1.4,3.95,10.75,3.35,6.1,6.7
hypoglauca,31,VI,FZU10426D,MO6265711,3033,-21.46055556,-64.86805556,23.4,10.11,4.21,2.21,1.75,1.85,10.36,3.82,7.5,8
hypoglauca,31,VI,FZ307,MOUNM_FZ307,2928,-17.83686111,-64.72677778,41.33,22.33,3.75,2.6,1.56,2.3,10.11,4.3,5.8,5.94
hypoglauca,31,VI,KF2441,GH_KF24441,2800,-21.46388889,-64.85583333,18.33,7.33,5.48,1.86,1.23,1.7,10.03,2.62,7.45,7.46
hypoglauca,31,VI,JW9552,K148,3300,-21.46611111,-64.88527778,24.67,11.33,7.5,2.7,1.16,2.7,9.97,3.49,7,7.2
hypoglauca,31,VI,SV9001,US1549339,2500,-23.71666667,-65.66666667,22.33,8.33,7.6,2.34,1.4,2.27,9.58,3.18,6.23,7
hypoglauca,31,VI,MN33903,MO4360791,2200,-18.56666667,-64.05,47.41,18.46,5.13,2.52,1.28,2.64,9.53,3.57,6,6.13
hypoglauca,31,VI,AC1193,MOUNM_AC1193,2552,-19.56666667,-64.31722222,27,9.33,5.22,2.22,1.33,2.19,9.43,3.41,5.8,6.1
hypoglauca,31,VI,HS3739,L186,3300,-22.26527778,-65.06777778,22.67,9.67,5.55,2.29,1.25,2.31,9.43,3.56,4.86,4.4
hypoglauca,31,VI,HF5850,LIL502228,2800,-23.45138889,-65.465,18,7.67,3.85,2.05,1.27,1.82,9.2,2.6,5.1,5.98
hypoglauca,31,VI,JG587,MOUNM_JG587,2710,-20.75461111,-64.54427778,27.67,11.17,4.04,2.45,1.63,2.75,7.76,2.9,5,5.4
hypoglauca,31,VI,MS5081,MOUNM_MS5081,2396,-22.01,-64.59472222,20,9,4.35,2.33,1.29,3.03,7.72,3.13,5.2,5.7
hypoglauca,31,VI,FZU10330,MO6274664,2810,-23.61333333,-64.91111111,25.09,12.45,3.73,2.19,1.4,2,6.56,2.79,3.5,4.1
hypoglauca,31,VI,FZ280,MOUNM_FZ280,3352,-17.79208333,-65.4875,45,17.67,0,0,0,0,0,0,,
hypoglauca,31,VI,FZ281,MOUNM_FZ281,3352,-17.79208333,-65.4875,48.33,18,0,0,0,0,0,0,,
hypoglauca,31,VI,FZ305,MOUNM_FZ305,2846,-17.83041667,-64.71869444,31,17.33,0,0,0,0,0,0,,
hypoglauca,31,VI,FZ306,MOUNM_FZ306,2850,-17.83041667,-64.71869444,37.33,17.33,0,0,0,0,0,0,,
hypoglauca,31,VI,FZ308,MOUNM_FZ308,2928,-17.83686111,-64.72677778,39.33,19.67,0,0,0,0,0,0,,
tucumanensis,31,VI,FZU10003B,MO6274671,900,-27.05555556,-65.67111111,49.86,15.2,0,0,0,0,0,0,,
tucumanensis,31,VI,FZU10377A,MO6274662,1690,-22.33333333,-64.72305556,48.11,18.41,0,0,0,0,0,0,,
tucumanensis,31,VI,FZU1046A,MO6274673,1670,-21.43111111,-64.27444444,60.91,20.68,0,0,0,0,0,0,,